{
    "type": "FeatureCollection",
    "name": "Kecamatan",
    "crs": {
        "type": "name",
        "properties": {
            "name": "urn:ogc:def:crs:OGC:1.3:CRS84"
        }
    },
    "features": [
        {
            "type": "Feature",
            "properties": {
                "id": 1,
                "Luas_km": 21.204,
                "Kecamatan": "Kemiling"
            },
            "geometry": {
                "type": "MultiPolygon",
                "coordinates": [
                    [
                        [
                            [
                                105.191944619948799,
                                -5.432404722183364
                            ],
                            [
                                105.189810313254213,
                                -5.432203080519843
                            ],
                            [
                                105.187488938037049,
                                -5.431969393238112
                            ],
                            [
                                105.188372251123212,
                                -5.431101165071119
                            ],
                            [
                                105.190301230198912,
                                -5.430938364614509
                            ],
                            [
                                105.189868578620519,
                                -5.429199388316809
                            ],
                            [
                                105.187800424663607,
                                -5.429145281971719
                            ],
                            [
                                105.187734656325205,
                                -5.428273152092754
                            ],
                            [
                                105.188463681837305,
                                -5.42735997511749
                            ],
                            [
                                105.188701776162858,
                                -5.426451296786026
                            ],
                            [
                                105.186909209964242,
                                -5.425602045853128
                            ],
                            [
                                105.184372904201766,
                                -5.42637357038515
                            ],
                            [
                                105.18213710825836,
                                -5.425706255243257
                            ],
                            [
                                105.180587555311021,
                                -5.42497268608145
                            ],
                            [
                                105.180523936773341,
                                -5.423265834266345
                            ],
                            [
                                105.18226417802488,
                                -5.422999952200867
                            ],
                            [
                                105.184760840553949,
                                -5.422949604774133
                            ],
                            [
                                105.184817265781774,
                                -5.422127490982641
                            ],
                            [
                                105.179278890705092,
                                -5.418707182870429
                            ],
                            [
                                105.177522977931631,
                                -5.413119429410146
                            ],
                            [
                                105.177150357120965,
                                -5.408266486739909
                            ],
                            [
                                105.181151462290487,
                                -5.403566031653411
                            ],
                            [
                                105.182657008314834,
                                -5.401019078842721
                            ],
                            [
                                105.184549469197847,
                                -5.400191442839753
                            ],
                            [
                                105.187696810407687,
                                -5.396968291504945
                            ],
                            [
                                105.187700107183545,
                                -5.395580292376358
                            ],
                            [
                                105.188590666071988,
                                -5.39537232654435
                            ],
                            [
                                105.188583693445466,
                                -5.395001508882556
                            ],
                            [
                                105.188308335255357,
                                -5.394398578448869
                            ],
                            [
                                105.188297728605278,
                                -5.393799015528776
                            ],
                            [
                                105.188395875690546,
                                -5.393807564265113
                            ],
                            [
                                105.188391061765785,
                                -5.39338967264039
                            ],
                            [
                                105.188495097676167,
                                -5.393398734307015
                            ],
                            [
                                105.188520219057537,
                                -5.393022834027957
                            ],
                            [
                                105.188989109414067,
                                -5.392413835109237
                            ],
                            [
                                105.189996797911206,
                                -5.393596487499053
                            ],
                            [
                                105.191193692270161,
                                -5.392873670311911
                            ],
                            [
                                105.191474250564596,
                                -5.393327395257979
                            ],
                            [
                                105.192611770832457,
                                -5.393032632737947
                            ],
                            [
                                105.19227549337613,
                                -5.391828706997827
                            ],
                            [
                                105.192263519516629,
                                -5.390749517979915
                            ],
                            [
                                105.192390852675658,
                                -5.389638153453558
                            ],
                            [
                                105.192804084822555,
                                -5.388244490027598
                            ],
                            [
                                105.193344156285903,
                                -5.38763577865944
                            ],
                            [
                                105.193352754606622,
                                -5.386390004723739
                            ],
                            [
                                105.193444471856154,
                                -5.386291654949956
                            ],
                            [
                                105.195044609256087,
                                -5.386112014946271
                            ],
                            [
                                105.195831733756222,
                                -5.387013560405205
                            ],
                            [
                                105.196130961351471,
                                -5.387187316059932
                            ],
                            [
                                105.196515945296241,
                                -5.387398079670221
                            ],
                            [
                                105.196987788076314,
                                -5.387498255079342
                            ],
                            [
                                105.197095260469894,
                                -5.387625769877785
                            ],
                            [
                                105.197189478339951,
                                -5.388967634946379
                            ],
                            [
                                105.198095625977928,
                                -5.38946009905246
                            ],
                            [
                                105.197415626848638,
                                -5.390546956363695
                            ],
                            [
                                105.197766756724874,
                                -5.391345535266016
                            ],
                            [
                                105.201615739260902,
                                -5.389276371171501
                            ],
                            [
                                105.205523575358072,
                                -5.390656499449043
                            ],
                            [
                                105.20539135174073,
                                -5.388919944542903
                            ],
                            [
                                105.203772186429546,
                                -5.385872329394207
                            ],
                            [
                                105.20392141981317,
                                -5.381608136481089
                            ],
                            [
                                105.204613920011695,
                                -5.379399877697551
                            ],
                            [
                                105.204417367789361,
                                -5.378260280870042
                            ],
                            [
                                105.206002620284423,
                                -5.376696920318328
                            ],
                            [
                                105.205792064077556,
                                -5.373960989838003
                            ],
                            [
                                105.206392115596486,
                                -5.372264540284909
                            ],
                            [
                                105.209865625473014,
                                -5.371361899231922
                            ],
                            [
                                105.213052948062085,
                                -5.371285058739582
                            ],
                            [
                                105.212233830112567,
                                -5.372773378883214
                            ],
                            [
                                105.215033963785359,
                                -5.37278096935047
                            ],
                            [
                                105.214716597234784,
                                -5.37639253763816
                            ],
                            [
                                105.217701339967277,
                                -5.375919953285645
                            ],
                            [
                                105.217370700862276,
                                -5.377521703786127
                            ],
                            [
                                105.219338753693336,
                                -5.378354799475246
                            ],
                            [
                                105.219183305800456,
                                -5.379853648087254
                            ],
                            [
                                105.220063549016729,
                                -5.380911007542584
                            ],
                            [
                                105.220151299453889,
                                -5.381533056625868
                            ],
                            [
                                105.21977619785001,
                                -5.382965503105431
                            ],
                            [
                                105.220392933499511,
                                -5.385535910352947
                            ],
                            [
                                105.219668923013018,
                                -5.38729241806841
                            ],
                            [
                                105.221683952976619,
                                -5.389346573133746
                            ],
                            [
                                105.220606901282679,
                                -5.390528815141029
                            ],
                            [
                                105.222198955567379,
                                -5.391589079433953
                            ],
                            [
                                105.220391267790959,
                                -5.394468150579218
                            ],
                            [
                                105.220372885907622,
                                -5.396297908559065
                            ],
                            [
                                105.221263144933246,
                                -5.397781458152254
                            ],
                            [
                                105.221799044040907,
                                -5.399245954336682
                            ],
                            [
                                105.222037698959596,
                                -5.400176506709325
                            ],
                            [
                                105.223153062731328,
                                -5.402069551544336
                            ],
                            [
                                105.222900147572801,
                                -5.402921838630869
                            ],
                            [
                                105.222977759413624,
                                -5.405279793521092
                            ],
                            [
                                105.222219147406463,
                                -5.406619705407704
                            ],
                            [
                                105.221130627724349,
                                -5.409147820829697
                            ],
                            [
                                105.21928803944644,
                                -5.411208540443324
                            ],
                            [
                                105.218740239901507,
                                -5.411905166771616
                            ],
                            [
                                105.217919947391366,
                                -5.413676841792407
                            ],
                            [
                                105.217014296290813,
                                -5.418040333696445
                            ],
                            [
                                105.214541518323117,
                                -5.425516334104527
                            ],
                            [
                                105.214522266200547,
                                -5.428503751611364
                            ],
                            [
                                105.213107330481293,
                                -5.428534105419682
                            ],
                            [
                                105.213217240093002,
                                -5.429376604882766
                            ],
                            [
                                105.211965795351077,
                                -5.429639767304279
                            ],
                            [
                                105.211408989044997,
                                -5.428008119670543
                            ],
                            [
                                105.211011517382602,
                                -5.43010012254546
                            ],
                            [
                                105.208960743381795,
                                -5.430748525784776
                            ],
                            [
                                105.206359644520987,
                                -5.430096657210237
                            ],
                            [
                                105.205372980684757,
                                -5.430790482027597
                            ],
                            [
                                105.203110785578716,
                                -5.430333534212183
                            ],
                            [
                                105.199336353000206,
                                -5.430879071657015
                            ],
                            [
                                105.195364658131993,
                                -5.432588878300828
                            ],
                            [
                                105.191944926658721,
                                -5.432404748896661
                            ],
                            [
                                105.191944619948799,
                                -5.432404722183364
                            ]
                        ]
                    ]
                ]
            }
        },
        {
            "type": "Feature",
            "properties": {
                "id": 2,
                "Luas_km": 17.788,
                "Kecamatan": "Teluk Betung Barat"
            },
            "geometry": {
                "type": "MultiPolygon",
                "coordinates": [
                    [
                        [
                            [
                                105.187488938037049,
                                -5.431969393238112
                            ],
                            [
                                105.195364658131979,
                                -5.432588878300828
                            ],
                            [
                                105.199336353000206,
                                -5.430879071657015
                            ],
                            [
                                105.203110785578716,
                                -5.430333534212183
                            ],
                            [
                                105.205372980684757,
                                -5.430790482027597
                            ],
                            [
                                105.206359644520973,
                                -5.430096657210237
                            ],
                            [
                                105.208960743381795,
                                -5.430748525784776
                            ],
                            [
                                105.211011517382602,
                                -5.430100122545459
                            ],
                            [
                                105.211408989044997,
                                -5.428008119670543
                            ],
                            [
                                105.211965795351077,
                                -5.429639767304279
                            ],
                            [
                                105.213217240093002,
                                -5.429376604882766
                            ],
                            [
                                105.219152049308263,
                                -5.43239412091451
                            ],
                            [
                                105.221066232474143,
                                -5.434380267248244
                            ],
                            [
                                105.222965391926067,
                                -5.435727119599865
                            ],
                            [
                                105.224575085982764,
                                -5.434425954285426
                            ],
                            [
                                105.22891041446681,
                                -5.43262967886125
                            ],
                            [
                                105.229518751998171,
                                -5.434620235804942
                            ],
                            [
                                105.230371884188045,
                                -5.433690310485195
                            ],
                            [
                                105.230292078057118,
                                -5.432572798414834
                            ],
                            [
                                105.231333807481846,
                                -5.432332722708594
                            ],
                            [
                                105.231841575833599,
                                -5.432766825427784
                            ],
                            [
                                105.232556478134697,
                                -5.43273457440363
                            ],
                            [
                                105.233756602535223,
                                -5.431232327557718
                            ],
                            [
                                105.235077760183174,
                                -5.431323765906519
                            ],
                            [
                                105.236360338816709,
                                -5.430773859983112
                            ],
                            [
                                105.23779220424062,
                                -5.430685908149566
                            ],
                            [
                                105.240982206975843,
                                -5.433279386799055
                            ],
                            [
                                105.241966852715763,
                                -5.436389643714822
                            ],
                            [
                                105.242659374276982,
                                -5.43607189751438
                            ],
                            [
                                105.243500317730138,
                                -5.437846414124484
                            ],
                            [
                                105.24516155369345,
                                -5.437849326677697
                            ],
                            [
                                105.2456488579774,
                                -5.438246199960887
                            ],
                            [
                                105.244726821727085,
                                -5.438744799826261
                            ],
                            [
                                105.244692684699686,
                                -5.440348579101985
                            ],
                            [
                                105.244894089995668,
                                -5.44102772308517
                            ],
                            [
                                105.246006330490701,
                                -5.440120374598616
                            ],
                            [
                                105.246491552590157,
                                -5.438650396888559
                            ],
                            [
                                105.248548242119497,
                                -5.440365390012605
                            ],
                            [
                                105.249271697369764,
                                -5.441586203115252
                            ],
                            [
                                105.250801628020895,
                                -5.442948138813763
                            ],
                            [
                                105.250948277390577,
                                -5.444520395252241
                            ],
                            [
                                105.252839791517147,
                                -5.446764439999678
                            ],
                            [
                                105.253600629858553,
                                -5.447019731552036
                            ],
                            [
                                105.25474455683549,
                                -5.449127772146547
                            ],
                            [
                                105.255772890918806,
                                -5.449040120625759
                            ],
                            [
                                105.255753489305931,
                                -5.451826568419853
                            ],
                            [
                                105.252861504915231,
                                -5.45313415882234
                            ],
                            [
                                105.251881012862953,
                                -5.452812483243851
                            ],
                            [
                                105.252807047969824,
                                -5.454428964409494
                            ],
                            [
                                105.253083550472894,
                                -5.45641417696446
                            ],
                            [
                                105.25280560647245,
                                -5.457146067314163
                            ],
                            [
                                105.251217097232299,
                                -5.45712586075948
                            ],
                            [
                                105.24859335069489,
                                -5.458622196723318
                            ],
                            [
                                105.245410438048808,
                                -5.458108710924368
                            ],
                            [
                                105.23901104164689,
                                -5.456653509670033
                            ],
                            [
                                105.236983534647109,
                                -5.45784735471493
                            ],
                            [
                                105.233108698401466,
                                -5.458455006750289
                            ],
                            [
                                105.230098627846203,
                                -5.458405505578141
                            ],
                            [
                                105.227792557521596,
                                -5.457637593642774
                            ],
                            [
                                105.226218538121913,
                                -5.463123948085484
                            ],
                            [
                                105.225269567038964,
                                -5.464199061462615
                            ],
                            [
                                105.223789064065869,
                                -5.459439066500744
                            ],
                            [
                                105.222247291676339,
                                -5.452405394087154
                            ],
                            [
                                105.221923945509204,
                                -5.447982370233054
                            ],
                            [
                                105.219245688619523,
                                -5.44604786505107
                            ],
                            [
                                105.211353354933777,
                                -5.446860898641897
                            ],
                            [
                                105.210629632746731,
                                -5.448073800768237
                            ],
                            [
                                105.207835104940244,
                                -5.449082718846717
                            ],
                            [
                                105.207520044785483,
                                -5.448346428645124
                            ],
                            [
                                105.199828849458868,
                                -5.452272280660878
                            ],
                            [
                                105.197495721514656,
                                -5.454242874184429
                            ],
                            [
                                105.196409086460491,
                                -5.454183678562988
                            ],
                            [
                                105.191968736128487,
                                -5.451233297007046
                            ],
                            [
                                105.19004014857299,
                                -5.451301613076675
                            ],
                            [
                                105.188281456025464,
                                -5.45159737998259
                            ],
                            [
                                105.186399690771424,
                                -5.452213223074576
                            ],
                            [
                                105.184620101706841,
                                -5.453286899775385
                            ],
                            [
                                105.182933836901611,
                                -5.453163666595482
                            ],
                            [
                                105.182871836055099,
                                -5.451303452013755
                            ],
                            [
                                105.182299872566702,
                                -5.450249436459555
                            ],
                            [
                                105.180407637691417,
                                -5.449363972255921
                            ],
                            [
                                105.18017250645461,
                                -5.44758318095939
                            ],
                            [
                                105.181012985414455,
                                -5.447337397827571
                            ],
                            [
                                105.182817614002346,
                                -5.447329170501969
                            ],
                            [
                                105.183768501757299,
                                -5.446502292483075
                            ],
                            [
                                105.183782473697647,
                                -5.445263015032099
                            ],
                            [
                                105.182423025334685,
                                -5.443986818187554
                            ],
                            [
                                105.181655550716087,
                                -5.44272673324578
                            ],
                            [
                                105.180007256282266,
                                -5.441496260051354
                            ],
                            [
                                105.180928550421214,
                                -5.440465952854885
                            ],
                            [
                                105.183084138032171,
                                -5.439165084785571
                            ],
                            [
                                105.187511338596806,
                                -5.437943915968655
                            ],
                            [
                                105.186534669207177,
                                -5.437173618060439
                            ],
                            [
                                105.180387622046169,
                                -5.436898157626876
                            ],
                            [
                                105.17912122032449,
                                -5.435913593282359
                            ],
                            [
                                105.178816752577944,
                                -5.434516600400529
                            ],
                            [
                                105.182180141958867,
                                -5.433651718984031
                            ],
                            [
                                105.183705363686229,
                                -5.435202293604482
                            ],
                            [
                                105.184136694757825,
                                -5.432995112613975
                            ],
                            [
                                105.187488938037049,
                                -5.431969393238112
                            ]
                        ]
                    ]
                ]
            }
        },
        {
            "type": "Feature",
            "properties": {
                "id": 3,
                "Luas_km": 10.414,
                "Kecamatan": "Teluk Betung Timur"
            },
            "geometry": {
                "type": "MultiPolygon",
                "coordinates": [
                    [
                        [
                            [
                                105.260616302903031,
                                -5.488589173624676
                            ],
                            [
                                105.260020949626607,
                                -5.489151621718579
                            ],
                            [
                                105.259141448521731,
                                -5.48862611961022
                            ],
                            [
                                105.258932441352073,
                                -5.487878758558325
                            ],
                            [
                                105.260616302903031,
                                -5.488589173624676
                            ]
                        ]
                    ],
                    [
                        [
                            [
                                105.258932441352073,
                                -5.487878758558325
                            ],
                            [
                                105.258922670390589,
                                -5.487874636225198
                            ],
                            [
                                105.252341636513663,
                                -5.484300919924321
                            ],
                            [
                                105.258924731212332,
                                -5.487851188890939
                            ],
                            [
                                105.258932441352073,
                                -5.487878758558325
                            ]
                        ]
                    ],
                    [
                        [
                            [
                                105.227792557521596,
                                -5.457637593642774
                            ],
                            [
                                105.230098627846189,
                                -5.458405505578141
                            ],
                            [
                                105.233108698401466,
                                -5.458455006750289
                            ],
                            [
                                105.236983534647109,
                                -5.45784735471493
                            ],
                            [
                                105.23901104164689,
                                -5.456653509670033
                            ],
                            [
                                105.245410438048808,
                                -5.458108710924368
                            ],
                            [
                                105.248593350694875,
                                -5.458622196723316
                            ],
                            [
                                105.251217097232299,
                                -5.45712586075948
                            ],
                            [
                                105.25280560647245,
                                -5.457146067314163
                            ],
                            [
                                105.253083550472894,
                                -5.45641417696446
                            ],
                            [
                                105.252807047969824,
                                -5.454428964409492
                            ],
                            [
                                105.251881012862953,
                                -5.452812483243849
                            ],
                            [
                                105.252861504915231,
                                -5.45313415882234
                            ],
                            [
                                105.255753489305931,
                                -5.451826568419852
                            ],
                            [
                                105.256546186920104,
                                -5.453531370912377
                            ],
                            [
                                105.257735729585377,
                                -5.453634971332698
                            ],
                            [
                                105.258596074645354,
                                -5.452623004931403
                            ],
                            [
                                105.259455111676417,
                                -5.4531113141253
                            ],
                            [
                                105.261104126847314,
                                -5.452983207267129
                            ],
                            [
                                105.261970088454945,
                                -5.453932868278185
                            ],
                            [
                                105.262661611644504,
                                -5.456462230789207
                            ],
                            [
                                105.257952510981454,
                                -5.460080675761105
                            ],
                            [
                                105.256651158055291,
                                -5.460304036309237
                            ],
                            [
                                105.255735669991665,
                                -5.460525560547786
                            ],
                            [
                                105.255291803139528,
                                -5.460782251983365
                            ],
                            [
                                105.255618939923068,
                                -5.461921251962137
                            ],
                            [
                                105.255444779123124,
                                -5.462012409282972
                            ],
                            [
                                105.254494168992963,
                                -5.461350737142777
                            ],
                            [
                                105.253691537623098,
                                -5.462651248881574
                            ],
                            [
                                105.251602825309675,
                                -5.467242138715175
                            ],
                            [
                                105.25315483770899,
                                -5.468487801425928
                            ],
                            [
                                105.250006382455936,
                                -5.468662524792735
                            ],
                            [
                                105.249415161508622,
                                -5.470123197505634
                            ],
                            [
                                105.249638515093636,
                                -5.471902896116232
                            ],
                            [
                                105.250740462153516,
                                -5.472057933242776
                            ],
                            [
                                105.25103740735959,
                                -5.472190117616661
                            ],
                            [
                                105.251146673637365,
                                -5.474727762837587
                            ],
                            [
                                105.252204921672799,
                                -5.477135398306501
                            ],
                            [
                                105.252245561508701,
                                -5.47775324528016
                            ],
                            [
                                105.252060066189173,
                                -5.477973362677077
                            ],
                            [
                                105.251449246072454,
                                -5.477766590081926
                            ],
                            [
                                105.251459705012252,
                                -5.478322740020826
                            ],
                            [
                                105.251658905335447,
                                -5.479296988339833
                            ],
                            [
                                105.253094038175703,
                                -5.481737427747242
                            ],
                            [
                                105.252341579639761,
                                -5.484300889039934
                            ],
                            [
                                105.252341636513663,
                                -5.484300919924321
                            ],
                            [
                                105.252341579967663,
                                -5.484300889429011
                            ],
                            [
                                105.252682288288867,
                                -5.487850965707316
                            ],
                            [
                                105.251324655173661,
                                -5.490875090262281
                            ],
                            [
                                105.250345049382503,
                                -5.490813405803589
                            ],
                            [
                                105.251046102530225,
                                -5.48985851016556
                            ],
                            [
                                105.250256060296664,
                                -5.484804446586155
                            ],
                            [
                                105.249537778463491,
                                -5.48541525990534
                            ],
                            [
                                105.24915453499689,
                                -5.482889240342894
                            ],
                            [
                                105.246669440116179,
                                -5.48172773618285
                            ],
                            [
                                105.244457612356129,
                                -5.482858224996043
                            ],
                            [
                                105.242982015863419,
                                -5.482363498900184
                            ],
                            [
                                105.241602866906774,
                                -5.483471995168696
                            ],
                            [
                                105.240134194990731,
                                -5.483438598950876
                            ],
                            [
                                105.236624497946437,
                                -5.486913252331843
                            ],
                            [
                                105.233754584633374,
                                -5.487159481580019
                            ],
                            [
                                105.233158943057475,
                                -5.488265322343117
                            ],
                            [
                                105.231390234700598,
                                -5.488134916555792
                            ],
                            [
                                105.230781032270812,
                                -5.487774714115615
                            ],
                            [
                                105.229644793344733,
                                -5.488549953176775
                            ],
                            [
                                105.228553006236183,
                                -5.488549379221345
                            ],
                            [
                                105.22791672482407,
                                -5.489037382749403
                            ],
                            [
                                105.226600575080766,
                                -5.489159030163422
                            ],
                            [
                                105.223036965645889,
                                -5.490006394835271
                            ],
                            [
                                105.223024451176315,
                                -5.476915957682919
                            ],
                            [
                                105.225269567038964,
                                -5.464199061462615
                            ],
                            [
                                105.226218538121913,
                                -5.463123948085484
                            ],
                            [
                                105.227792557521596,
                                -5.457637593642774
                            ]
                        ]
                    ]
                ]
            }
        },
        {
            "type": "Feature",
            "properties": {
                "id": 4,
                "Luas_km": 3.549,
                "Kecamatan": "Teluk Betung Selatan"
            },
            "geometry": {
                "type": "MultiPolygon",
                "coordinates": [
                    [
                        [
                            [
                                105.262661611644504,
                                -5.456462230789207
                            ],
                            [
                                105.261970088454945,
                                -5.453932868278185
                            ],
                            [
                                105.261104126847314,
                                -5.452983207267129
                            ],
                            [
                                105.259455111676417,
                                -5.4531113141253
                            ],
                            [
                                105.258596074645354,
                                -5.452623004931403
                            ],
                            [
                                105.257735729585377,
                                -5.453634971332698
                            ],
                            [
                                105.25654618692009,
                                -5.453531370912377
                            ],
                            [
                                105.255753489305931,
                                -5.451826568419852
                            ],
                            [
                                105.255772890918806,
                                -5.449040120625759
                            ],
                            [
                                105.25474455683549,
                                -5.449127772146547
                            ],
                            [
                                105.253600629858553,
                                -5.447019731552036
                            ],
                            [
                                105.252839791517147,
                                -5.446764439999678
                            ],
                            [
                                105.250948277390577,
                                -5.444520395252241
                            ],
                            [
                                105.250801628020895,
                                -5.442948138813763
                            ],
                            [
                                105.24927169736975,
                                -5.441586203115252
                            ],
                            [
                                105.248548242119497,
                                -5.440365390012605
                            ],
                            [
                                105.246491552590157,
                                -5.438650396888558
                            ],
                            [
                                105.246006330490701,
                                -5.440120374598616
                            ],
                            [
                                105.244894089995668,
                                -5.44102772308517
                            ],
                            [
                                105.244692684699686,
                                -5.440348579101985
                            ],
                            [
                                105.244726821727085,
                                -5.438744799826261
                            ],
                            [
                                105.2456488579774,
                                -5.438246199960886
                            ],
                            [
                                105.24516155369345,
                                -5.437849326677697
                            ],
                            [
                                105.243500317730138,
                                -5.437846414124484
                            ],
                            [
                                105.242659374276982,
                                -5.43607189751438
                            ],
                            [
                                105.241966852715763,
                                -5.436389643714822
                            ],
                            [
                                105.240982206975843,
                                -5.433279386799055
                            ],
                            [
                                105.23779220424062,
                                -5.430685908149566
                            ],
                            [
                                105.236360338816695,
                                -5.430773859983112
                            ],
                            [
                                105.237703529581111,
                                -5.429118176786578
                            ],
                            [
                                105.238397746244189,
                                -5.428983700148459
                            ],
                            [
                                105.238397812978349,
                                -5.42837525564788
                            ],
                            [
                                105.239011502762395,
                                -5.428481871334619
                            ],
                            [
                                105.238893715579621,
                                -5.427526445907605
                            ],
                            [
                                105.239281115377082,
                                -5.426561853266752
                            ],
                            [
                                105.240265873215719,
                                -5.426564920011672
                            ],
                            [
                                105.241158831049233,
                                -5.425857021545254
                            ],
                            [
                                105.242835605920135,
                                -5.426493369618248
                            ],
                            [
                                105.245624033997956,
                                -5.42636407184539
                            ],
                            [
                                105.244516142060192,
                                -5.42776212535733
                            ],
                            [
                                105.244549105874185,
                                -5.429817777400639
                            ],
                            [
                                105.245888688121539,
                                -5.43186021745512
                            ],
                            [
                                105.248355977700612,
                                -5.433764579467439
                            ],
                            [
                                105.250563726527005,
                                -5.436461525989108
                            ],
                            [
                                105.25373837450104,
                                -5.435178518007617
                            ],
                            [
                                105.254711974013915,
                                -5.437874299554781
                            ],
                            [
                                105.258778530742759,
                                -5.440756748314693
                            ],
                            [
                                105.258914133891281,
                                -5.44191454771828
                            ],
                            [
                                105.259330262406152,
                                -5.442783698348852
                            ],
                            [
                                105.260628612196612,
                                -5.443877362380258
                            ],
                            [
                                105.260524216361759,
                                -5.4456728973294
                            ],
                            [
                                105.261272659070585,
                                -5.44660938119529
                            ],
                            [
                                105.262238049986678,
                                -5.445955071688468
                            ],
                            [
                                105.264151031875102,
                                -5.445861767392735
                            ],
                            [
                                105.265252380973322,
                                -5.445213391072729
                            ],
                            [
                                105.265387807928022,
                                -5.443807474922205
                            ],
                            [
                                105.264326778322157,
                                -5.442781737152297
                            ],
                            [
                                105.264165703201343,
                                -5.441373620280692
                            ],
                            [
                                105.265827969563816,
                                -5.44136480823965
                            ],
                            [
                                105.266389474108436,
                                -5.441862656117416
                            ],
                            [
                                105.267974448974229,
                                -5.441788040873901
                            ],
                            [
                                105.268784469413959,
                                -5.442969133251661
                            ],
                            [
                                105.269764363497742,
                                -5.442487390274761
                            ],
                            [
                                105.270832008018004,
                                -5.44262763315698
                            ],
                            [
                                105.270745453504802,
                                -5.443612494773497
                            ],
                            [
                                105.27033633766348,
                                -5.444486561828551
                            ],
                            [
                                105.269430777312181,
                                -5.443852422479099
                            ],
                            [
                                105.268363287622989,
                                -5.444385606619282
                            ],
                            [
                                105.268802394839284,
                                -5.44634366443172
                            ],
                            [
                                105.268940280374807,
                                -5.447543001554394
                            ],
                            [
                                105.263648103272999,
                                -5.450301450066193
                            ],
                            [
                                105.264725408568808,
                                -5.452019718378474
                            ],
                            [
                                105.264071239120682,
                                -5.452441216221179
                            ],
                            [
                                105.263774747726501,
                                -5.453384149618243
                            ],
                            [
                                105.26391616228463,
                                -5.454205729980132
                            ],
                            [
                                105.265150744047389,
                                -5.453391755023095
                            ],
                            [
                                105.265931016040213,
                                -5.453695992597862
                            ],
                            [
                                105.267157509347129,
                                -5.453649228113702
                            ],
                            [
                                105.268356624691066,
                                -5.454049014068072
                            ],
                            [
                                105.266852785347368,
                                -5.455631079011511
                            ],
                            [
                                105.266299102321881,
                                -5.456799702409197
                            ],
                            [
                                105.26642948134122,
                                -5.458151946774768
                            ],
                            [
                                105.266573544001304,
                                -5.458808355577473
                            ],
                            [
                                105.266509364887114,
                                -5.459606116011988
                            ],
                            [
                                105.26589154811893,
                                -5.459073843580319
                            ],
                            [
                                105.265668077087597,
                                -5.459928614386582
                            ],
                            [
                                105.264994684866522,
                                -5.459421036988202
                            ],
                            [
                                105.263992321946176,
                                -5.458335458366067
                            ],
                            [
                                105.263861366327944,
                                -5.458070052417293
                            ],
                            [
                                105.263316121451297,
                                -5.456847072532506
                            ],
                            [
                                105.262874528975232,
                                -5.456436471646147
                            ],
                            [
                                105.262661611644504,
                                -5.456462230789207
                            ]
                        ]
                    ]
                ]
            }
        },
        {
            "type": "Feature",
            "properties": {
                "id": 5,
                "Luas_km": 4.247,
                "Kecamatan": "Bumi Waras"
            },
            "geometry": {
                "type": "MultiPolygon",
                "coordinates": [
                    [
                        [
                            [
                                105.263648103272999,
                                -5.450301450066193
                            ],
                            [
                                105.268940280374807,
                                -5.447543001554394
                            ],
                            [
                                105.268802394839284,
                                -5.44634366443172
                            ],
                            [
                                105.268363287622975,
                                -5.444385606619282
                            ],
                            [
                                105.269430777312181,
                                -5.443852422479099
                            ],
                            [
                                105.27033633766348,
                                -5.444486561828551
                            ],
                            [
                                105.27151879425611,
                                -5.446122444539792
                            ],
                            [
                                105.272357068238577,
                                -5.446171824491783
                            ],
                            [
                                105.273381237945713,
                                -5.442350502341219
                            ],
                            [
                                105.274288827074699,
                                -5.440125755360193
                            ],
                            [
                                105.276158206022302,
                                -5.437760293765318
                            ],
                            [
                                105.275915141162358,
                                -5.43742013539034
                            ],
                            [
                                105.276336920914915,
                                -5.436807078104532
                            ],
                            [
                                105.275663822334039,
                                -5.43622862022188
                            ],
                            [
                                105.27504416096869,
                                -5.435312197273634
                            ],
                            [
                                105.275039003573681,
                                -5.434898242577043
                            ],
                            [
                                105.274885523066018,
                                -5.434619050009963
                            ],
                            [
                                105.275149556517732,
                                -5.434045415971894
                            ],
                            [
                                105.275446867438831,
                                -5.43397088746026
                            ],
                            [
                                105.27649626354426,
                                -5.434723894720983
                            ],
                            [
                                105.278292720907331,
                                -5.434673604968708
                            ],
                            [
                                105.280040295147558,
                                -5.434099221573051
                            ],
                            [
                                105.280858908567225,
                                -5.433562074013715
                            ],
                            [
                                105.281300853406691,
                                -5.432584519930968
                            ],
                            [
                                105.282037250181318,
                                -5.432577769959793
                            ],
                            [
                                105.282466851453023,
                                -5.433631231835657
                            ],
                            [
                                105.28474935577978,
                                -5.433451964643835
                            ],
                            [
                                105.286498032505733,
                                -5.43272999500081
                            ],
                            [
                                105.286573396649118,
                                -5.431602366817279
                            ],
                            [
                                105.287353059998978,
                                -5.430158012992083
                            ],
                            [
                                105.288978148813882,
                                -5.42976199008304
                            ],
                            [
                                105.289780353075159,
                                -5.429749157107441
                            ],
                            [
                                105.289768658181259,
                                -5.430557434538834
                            ],
                            [
                                105.289925673052039,
                                -5.430931453024622
                            ],
                            [
                                105.289608496024897,
                                -5.431772195201232
                            ],
                            [
                                105.290450165561481,
                                -5.432660701523995
                            ],
                            [
                                105.290164416066034,
                                -5.433143836903054
                            ],
                            [
                                105.288571203254008,
                                -5.433784830512558
                            ],
                            [
                                105.288372018952984,
                                -5.434228246584446
                            ],
                            [
                                105.288386377971008,
                                -5.43467253929045
                            ],
                            [
                                105.289079420073449,
                                -5.434821508429962
                            ],
                            [
                                105.290846876441734,
                                -5.434898651767044
                            ],
                            [
                                105.290797838487762,
                                -5.43370112042711
                            ],
                            [
                                105.291438983650252,
                                -5.433697888949778
                            ],
                            [
                                105.292000560269756,
                                -5.43405988312943
                            ],
                            [
                                105.292430986409073,
                                -5.436454352045758
                            ],
                            [
                                105.291199052748368,
                                -5.437103178944103
                            ],
                            [
                                105.291218641236284,
                                -5.437825563213652
                            ],
                            [
                                105.291522954149542,
                                -5.438549115889424
                            ],
                            [
                                105.293737429996085,
                                -5.437253372558596
                            ],
                            [
                                105.293776009010301,
                                -5.437894709912611
                            ],
                            [
                                105.2934035448298,
                                -5.438216701741429
                            ],
                            [
                                105.293993324279839,
                                -5.439473134173969
                            ],
                            [
                                105.294123775374018,
                                -5.44068955900309
                            ],
                            [
                                105.295819756995783,
                                -5.440837269684605
                            ],
                            [
                                105.295478215822769,
                                -5.441752669085668
                            ],
                            [
                                105.296290585383716,
                                -5.442366879965067
                            ],
                            [
                                105.299184219489362,
                                -5.443741255914961
                            ],
                            [
                                105.299636212182165,
                                -5.446025329449295
                            ],
                            [
                                105.301047458697184,
                                -5.445226729820179
                            ],
                            [
                                105.300555322705833,
                                -5.447180471929959
                            ],
                            [
                                105.300510150139971,
                                -5.449314905187463
                            ],
                            [
                                105.300105022473772,
                                -5.451358910688414
                            ],
                            [
                                105.300709959106044,
                                -5.452037744595799
                            ],
                            [
                                105.298752066247843,
                                -5.451359218950075
                            ],
                            [
                                105.298571712301296,
                                -5.450575592829299
                            ],
                            [
                                105.297822795765143,
                                -5.450049615717671
                            ],
                            [
                                105.296295678739199,
                                -5.450141083104857
                            ],
                            [
                                105.289518196313423,
                                -5.446573634993732
                            ],
                            [
                                105.289430889007463,
                                -5.446081647943161
                            ],
                            [
                                105.289073432518762,
                                -5.445625203354474
                            ],
                            [
                                105.288608359487526,
                                -5.445312970853275
                            ],
                            [
                                105.28650841407881,
                                -5.44598070363495
                            ],
                            [
                                105.285459631957181,
                                -5.447448837781511
                            ],
                            [
                                105.283452124546002,
                                -5.4466596579027
                            ],
                            [
                                105.280968535268187,
                                -5.448451767134209
                            ],
                            [
                                105.279697424631621,
                                -5.447655838770777
                            ],
                            [
                                105.276796001050968,
                                -5.447450400366061
                            ],
                            [
                                105.274827958915083,
                                -5.447562537421622
                            ],
                            [
                                105.271392430115498,
                                -5.448302974134306
                            ],
                            [
                                105.270129872428257,
                                -5.448760094330857
                            ],
                            [
                                105.268184376544554,
                                -5.450776273564641
                            ],
                            [
                                105.26776157706243,
                                -5.452346171013455
                            ],
                            [
                                105.267482746802827,
                                -5.452818079097119
                            ],
                            [
                                105.266508736203434,
                                -5.452827762587768
                            ],
                            [
                                105.264725408568808,
                                -5.452019718378474
                            ],
                            [
                                105.263648103272999,
                                -5.450301450066193
                            ]
                        ]
                    ]
                ]
            }
        },
        {
            "type": "Feature",
            "properties": {
                "id": 6,
                "Luas_km": 13.047,
                "Kecamatan": "Panjang"
            },
            "geometry": {
                "type": "MultiPolygon",
                "coordinates": [
                    [
                        [
                            [
                                105.30070995910603,
                                -5.452037744595799
                            ],
                            [
                                105.300105022473772,
                                -5.451358910688414
                            ],
                            [
                                105.300510150139971,
                                -5.449314905187463
                            ],
                            [
                                105.300555322705833,
                                -5.447180471929959
                            ],
                            [
                                105.30104745869717,
                                -5.445226729820179
                            ],
                            [
                                105.299636212182165,
                                -5.446025329449295
                            ],
                            [
                                105.299184219489362,
                                -5.44374125591496
                            ],
                            [
                                105.296290585383716,
                                -5.442366879965067
                            ],
                            [
                                105.295478215822769,
                                -5.441752669085667
                            ],
                            [
                                105.295819756995783,
                                -5.440837269684604
                            ],
                            [
                                105.294123775374018,
                                -5.44068955900309
                            ],
                            [
                                105.293993324279825,
                                -5.439473134173969
                            ],
                            [
                                105.2934035448298,
                                -5.438216701741429
                            ],
                            [
                                105.293776009010301,
                                -5.437894709912611
                            ],
                            [
                                105.293737429996085,
                                -5.437253372558596
                            ],
                            [
                                105.291522954149542,
                                -5.438549115889424
                            ],
                            [
                                105.291218641236284,
                                -5.437825563213652
                            ],
                            [
                                105.291199052748368,
                                -5.437103178944103
                            ],
                            [
                                105.292430986409073,
                                -5.436454352045758
                            ],
                            [
                                105.292000560269756,
                                -5.43405988312943
                            ],
                            [
                                105.291438983650238,
                                -5.433697888949778
                            ],
                            [
                                105.290797838487762,
                                -5.43370112042711
                            ],
                            [
                                105.290846876441734,
                                -5.434898651767044
                            ],
                            [
                                105.289079420073449,
                                -5.434821508429962
                            ],
                            [
                                105.288386377971008,
                                -5.43467253929045
                            ],
                            [
                                105.288372018952984,
                                -5.434228246584446
                            ],
                            [
                                105.288571203254008,
                                -5.433784830512558
                            ],
                            [
                                105.29016441606602,
                                -5.433143836903054
                            ],
                            [
                                105.290450165561467,
                                -5.432660701523995
                            ],
                            [
                                105.289608496024897,
                                -5.431772195201231
                            ],
                            [
                                105.289925673052039,
                                -5.430931453024622
                            ],
                            [
                                105.289768658181259,
                                -5.430557434538834
                            ],
                            [
                                105.289780353075159,
                                -5.429749157107441
                            ],
                            [
                                105.288978148813882,
                                -5.42976199008304
                            ],
                            [
                                105.289490346059964,
                                -5.428649944038733
                            ],
                            [
                                105.290793348696582,
                                -5.427767158214994
                            ],
                            [
                                105.291468044912236,
                                -5.428456216769455
                            ],
                            [
                                105.292107505464941,
                                -5.427454642171318
                            ],
                            [
                                105.292898226675931,
                                -5.427055872309189
                            ],
                            [
                                105.292997548046429,
                                -5.427552493813716
                            ],
                            [
                                105.293301576176802,
                                -5.427578973573767
                            ],
                            [
                                105.293299288383309,
                                -5.426907814169819
                            ],
                            [
                                105.29398410967903,
                                -5.426784470469344
                            ],
                            [
                                105.294587342280821,
                                -5.425962727307675
                            ],
                            [
                                105.294864560088243,
                                -5.430012627869563
                            ],
                            [
                                105.296677115358662,
                                -5.433789584193804
                            ],
                            [
                                105.299147360002252,
                                -5.43542796252928
                            ],
                            [
                                105.300680446435535,
                                -5.437736990583605
                            ],
                            [
                                105.303461545826238,
                                -5.438162196072565
                            ],
                            [
                                105.305563924703904,
                                -5.44050046422575
                            ],
                            [
                                105.309910029345687,
                                -5.442871486009774
                            ],
                            [
                                105.312174804631539,
                                -5.444756254479776
                            ],
                            [
                                105.312232348558098,
                                -5.447587342795428
                            ],
                            [
                                105.311876399521779,
                                -5.449081197967681
                            ],
                            [
                                105.313104447154871,
                                -5.451607582533571
                            ],
                            [
                                105.315501271181574,
                                -5.457915686521253
                            ],
                            [
                                105.317667336085933,
                                -5.457321586281342
                            ],
                            [
                                105.319273213765214,
                                -5.455316510225763
                            ],
                            [
                                105.32004328513527,
                                -5.454804138831924
                            ],
                            [
                                105.320115855882136,
                                -5.4533974395615
                            ],
                            [
                                105.320924433805672,
                                -5.452563119939091
                            ],
                            [
                                105.32178470294501,
                                -5.45230257717229
                            ],
                            [
                                105.322886154867149,
                                -5.450924486445947
                            ],
                            [
                                105.323595172539115,
                                -5.450874414653581
                            ],
                            [
                                105.324722470069176,
                                -5.449783210792216
                            ],
                            [
                                105.326523081037095,
                                -5.450326327434239
                            ],
                            [
                                105.327905917481999,
                                -5.451788630012582
                            ],
                            [
                                105.326681030531674,
                                -5.459916070969306
                            ],
                            [
                                105.324588620571589,
                                -5.4653655073417
                            ],
                            [
                                105.327196950402083,
                                -5.467524094741872
                            ],
                            [
                                105.32634046212543,
                                -5.477269181579232
                            ],
                            [
                                105.338648382703752,
                                -5.487347364576402
                            ],
                            [
                                105.343229946090787,
                                -5.497728345372313
                            ],
                            [
                                105.350189199668421,
                                -5.513937250267852
                            ],
                            [
                                105.34785568500682,
                                -5.516204029827267
                            ],
                            [
                                105.347642235944647,
                                -5.516541201120374
                            ],
                            [
                                105.346509866683633,
                                -5.517225260070007
                            ],
                            [
                                105.346048123386169,
                                -5.517134227238977
                            ],
                            [
                                105.34568455756245,
                                -5.517204212046921
                            ],
                            [
                                105.345603988729223,
                                -5.517075221422751
                            ],
                            [
                                105.345215712003409,
                                -5.516380713727207
                            ],
                            [
                                105.342994887109967,
                                -5.513879958921692
                            ],
                            [
                                105.342484245725174,
                                -5.513764338158032
                            ],
                            [
                                105.342200734208788,
                                -5.513272077410537
                            ],
                            [
                                105.342266593183922,
                                -5.512058059291933
                            ],
                            [
                                105.34144317217546,
                                -5.510969889211753
                            ],
                            [
                                105.340594934610763,
                                -5.5109773381819
                            ],
                            [
                                105.338883993099842,
                                -5.508775080632996
                            ],
                            [
                                105.337452272354014,
                                -5.508508094254185
                            ],
                            [
                                105.33650001379587,
                                -5.5069106272971
                            ],
                            [
                                105.334892960051462,
                                -5.50573387564366
                            ],
                            [
                                105.334947674085782,
                                -5.504762825532233
                            ],
                            [
                                105.332351008317431,
                                -5.503459229828814
                            ],
                            [
                                105.331690764696859,
                                -5.503767663869101
                            ],
                            [
                                105.331027603911892,
                                -5.503760736111007
                            ],
                            [
                                105.329883938101176,
                                -5.502482025610593
                            ],
                            [
                                105.328775756025465,
                                -5.502426178138821
                            ],
                            [
                                105.327952105326887,
                                -5.503431916620059
                            ],
                            [
                                105.324644501605519,
                                -5.500399377199136
                            ],
                            [
                                105.323534394653308,
                                -5.498157921102672
                            ],
                            [
                                105.323769910779376,
                                -5.494432668882077
                            ],
                            [
                                105.323494574212361,
                                -5.494312123947304
                            ],
                            [
                                105.323048337815905,
                                -5.493231356867563
                            ],
                            [
                                105.323846342746961,
                                -5.492807852702493
                            ],
                            [
                                105.324257410093921,
                                -5.492487877930042
                            ],
                            [
                                105.323819844790805,
                                -5.490843706314048
                            ],
                            [
                                105.324408643179453,
                                -5.490651023472982
                            ],
                            [
                                105.324299984580904,
                                -5.487820769889723
                            ],
                            [
                                105.323614906022229,
                                -5.487598467382009
                            ],
                            [
                                105.32419192090812,
                                -5.487191291351625
                            ],
                            [
                                105.323992825659204,
                                -5.485389984180891
                            ],
                            [
                                105.323352340650274,
                                -5.48541552622907
                            ],
                            [
                                105.323171759057686,
                                -5.485262571178365
                            ],
                            [
                                105.323164018234294,
                                -5.484072581551662
                            ],
                            [
                                105.322775240769033,
                                -5.483906577297107
                            ],
                            [
                                105.322600484314307,
                                -5.48357115723831
                            ],
                            [
                                105.322294039758887,
                                -5.482700764879437
                            ],
                            [
                                105.319870492702421,
                                -5.482535445048967
                            ],
                            [
                                105.320378972627495,
                                -5.481949489670474
                            ],
                            [
                                105.320208573537371,
                                -5.480460703293336
                            ],
                            [
                                105.319447049224678,
                                -5.480643429526651
                            ],
                            [
                                105.318086560084069,
                                -5.478171707040778
                            ],
                            [
                                105.317157239160309,
                                -5.477358878371716
                            ],
                            [
                                105.316604234596696,
                                -5.478190008094303
                            ],
                            [
                                105.315965022115989,
                                -5.478723921033997
                            ],
                            [
                                105.315337078612117,
                                -5.478781051164852
                            ],
                            [
                                105.31486152587685,
                                -5.478556662300509
                            ],
                            [
                                105.314652186107423,
                                -5.478208062208336
                            ],
                            [
                                105.314686378932294,
                                -5.477296171364454
                            ],
                            [
                                105.315636579387032,
                                -5.476128600954159
                            ],
                            [
                                105.315028513935317,
                                -5.475262425487275
                            ],
                            [
                                105.314967260396855,
                                -5.47485556344336
                            ],
                            [
                                105.315257541107457,
                                -5.474631795030554
                            ],
                            [
                                105.315702371748742,
                                -5.474624791475262
                            ],
                            [
                                105.316889349389982,
                                -5.474829817440246
                            ],
                            [
                                105.317414172320625,
                                -5.474377426267414
                            ],
                            [
                                105.317646114359462,
                                -5.473858866752439
                            ],
                            [
                                105.31754498181914,
                                -5.472830989584943
                            ],
                            [
                                105.316449203425961,
                                -5.471820681356782
                            ],
                            [
                                105.316607033438032,
                                -5.470838225754102
                            ],
                            [
                                105.318603618054553,
                                -5.471591531636393
                            ],
                            [
                                105.319497427670456,
                                -5.468741756850083
                            ],
                            [
                                105.319046066716012,
                                -5.468184013973835
                            ],
                            [
                                105.315355905752639,
                                -5.466134519495307
                            ],
                            [
                                105.312788990449164,
                                -5.463156132601198
                            ],
                            [
                                105.311887527282025,
                                -5.461329161923332
                            ],
                            [
                                105.310993777365425,
                                -5.45825249749401
                            ],
                            [
                                105.310220903676012,
                                -5.457402439328216
                            ],
                            [
                                105.305649938577332,
                                -5.454452783354468
                            ],
                            [
                                105.305089112790469,
                                -5.452584293779745
                            ],
                            [
                                105.304278747812859,
                                -5.452218913315199
                            ],
                            [
                                105.302983347571015,
                                -5.452100993070917
                            ],
                            [
                                105.30070995910603,
                                -5.452037744595799
                            ]
                        ]
                    ]
                ]
            }
        },
        {
            "type": "Feature",
            "properties": {
                "id": 7,
                "Luas_km": 24.649,
                "Kecamatan": "Sukabumi"
            },
            "geometry": {
                "type": "MultiPolygon",
                "coordinates": [
                    [
                        [
                            [
                                105.294587342280821,
                                -5.425962727307675
                            ],
                            [
                                105.293923556409567,
                                -5.420385339563856
                            ],
                            [
                                105.29413987668147,
                                -5.416297030621272
                            ],
                            [
                                105.293207220530505,
                                -5.411803630134924
                            ],
                            [
                                105.291553000607166,
                                -5.40692202367245
                            ],
                            [
                                105.290177009160999,
                                -5.405846532656253
                            ],
                            [
                                105.288695737979481,
                                -5.403877388883183
                            ],
                            [
                                105.288281854526744,
                                -5.401614881649373
                            ],
                            [
                                105.286824963456823,
                                -5.393558067499791
                            ],
                            [
                                105.287703603834572,
                                -5.393553265197329
                            ],
                            [
                                105.288226791319957,
                                -5.394107166709429
                            ],
                            [
                                105.289582247770213,
                                -5.394021896236401
                            ],
                            [
                                105.289544494623627,
                                -5.393754275682149
                            ],
                            [
                                105.290658997981183,
                                -5.392692354105954
                            ],
                            [
                                105.292256932719823,
                                -5.3940311989589
                            ],
                            [
                                105.293531563073927,
                                -5.393471223604895
                            ],
                            [
                                105.295606295503163,
                                -5.393102937394523
                            ],
                            [
                                105.300141129114039,
                                -5.393558927290754
                            ],
                            [
                                105.301309115337006,
                                -5.394677322279036
                            ],
                            [
                                105.313773239631317,
                                -5.394380302789854
                            ],
                            [
                                105.321127440305361,
                                -5.396220520234212
                            ],
                            [
                                105.323806700841956,
                                -5.397572209079513
                            ],
                            [
                                105.322692537465869,
                                -5.406299677278836
                            ],
                            [
                                105.337415180100834,
                                -5.414698444135851
                            ],
                            [
                                105.338826122374201,
                                -5.414679006931096
                            ],
                            [
                                105.338740509382873,
                                -5.416582806769418
                            ],
                            [
                                105.33932349182453,
                                -5.417385884773058
                            ],
                            [
                                105.339799582062994,
                                -5.420334885471232
                            ],
                            [
                                105.337106668292932,
                                -5.421462606485433
                            ],
                            [
                                105.334824959692185,
                                -5.423256440571826
                            ],
                            [
                                105.335904833822141,
                                -5.429328148289134
                            ],
                            [
                                105.340880025864536,
                                -5.431977656616368
                            ],
                            [
                                105.3303250494194,
                                -5.441691902567974
                            ],
                            [
                                105.327905917481999,
                                -5.451788630012582
                            ],
                            [
                                105.326523081037095,
                                -5.45032632743424
                            ],
                            [
                                105.324722470069176,
                                -5.449783210792215
                            ],
                            [
                                105.323595172539115,
                                -5.450874414653581
                            ],
                            [
                                105.322886154867149,
                                -5.450924486445947
                            ],
                            [
                                105.32178470294501,
                                -5.45230257717229
                            ],
                            [
                                105.320924433805672,
                                -5.45256311993909
                            ],
                            [
                                105.320115855882136,
                                -5.453397439561499
                            ],
                            [
                                105.320043285135256,
                                -5.454804138831924
                            ],
                            [
                                105.319273213765214,
                                -5.455316510225763
                            ],
                            [
                                105.317667336085933,
                                -5.457321586281342
                            ],
                            [
                                105.315501271181574,
                                -5.457915686521253
                            ],
                            [
                                105.311876399521779,
                                -5.449081197967681
                            ],
                            [
                                105.312232348558098,
                                -5.447587342795428
                            ],
                            [
                                105.312174804631539,
                                -5.444756254479776
                            ],
                            [
                                105.309910029345687,
                                -5.442871486009772
                            ],
                            [
                                105.305563924703904,
                                -5.44050046422575
                            ],
                            [
                                105.303461545826238,
                                -5.438162196072565
                            ],
                            [
                                105.300680446435535,
                                -5.437736990583605
                            ],
                            [
                                105.299147360002237,
                                -5.43542796252928
                            ],
                            [
                                105.296677115358648,
                                -5.433789584193804
                            ],
                            [
                                105.294864560088243,
                                -5.430012627869563
                            ],
                            [
                                105.294587342280821,
                                -5.425962727307675
                            ]
                        ]
                    ]
                ]
            }
        },
        {
            "type": "Feature",
            "properties": {
                "id": 8,
                "Luas_km": 10.514,
                "Kecamatan": "Sukarame"
            },
            "geometry": {
                "type": "MultiPolygon",
                "coordinates": [
                    [
                        [
                            [
                                105.286824963456823,
                                -5.393558067499791
                            ],
                            [
                                105.284199943746032,
                                -5.38298987129678
                            ],
                            [
                                105.282565266530668,
                                -5.381139460106731
                            ],
                            [
                                105.279601979951792,
                                -5.378603971980048
                            ],
                            [
                                105.27440862084228,
                                -5.373556162192473
                            ],
                            [
                                105.28196724344042,
                                -5.372140487617307
                            ],
                            [
                                105.281773405976509,
                                -5.370395213237399
                            ],
                            [
                                105.282546642582957,
                                -5.369730540202259
                            ],
                            [
                                105.283966938147671,
                                -5.367861514458754
                            ],
                            [
                                105.286677763775941,
                                -5.37117825056152
                            ],
                            [
                                105.287557290787504,
                                -5.371163358308925
                            ],
                            [
                                105.288935657299376,
                                -5.369422856171945
                            ],
                            [
                                105.289599704718185,
                                -5.369419695673838
                            ],
                            [
                                105.289672160619972,
                                -5.369059993656476
                            ],
                            [
                                105.301278831838843,
                                -5.360391908525841
                            ],
                            [
                                105.303395093640063,
                                -5.358156454142921
                            ],
                            [
                                105.302656596552652,
                                -5.361447300084619
                            ],
                            [
                                105.305754385019313,
                                -5.361290114795074
                            ],
                            [
                                105.306222233736761,
                                -5.374792048021265
                            ],
                            [
                                105.307764912342321,
                                -5.373970728327099
                            ],
                            [
                                105.307926564534611,
                                -5.374920168151614
                            ],
                            [
                                105.312546037230774,
                                -5.376969583542964
                            ],
                            [
                                105.313484849310072,
                                -5.388133183049653
                            ],
                            [
                                105.321089099105137,
                                -5.388754861896061
                            ],
                            [
                                105.321127440305361,
                                -5.396220520234212
                            ],
                            [
                                105.313773239631317,
                                -5.394380302789854
                            ],
                            [
                                105.301309115337006,
                                -5.394677322279036
                            ],
                            [
                                105.300141129114039,
                                -5.393558927290754
                            ],
                            [
                                105.295606295503163,
                                -5.393102937394523
                            ],
                            [
                                105.293531563073913,
                                -5.393471223604895
                            ],
                            [
                                105.292256932719823,
                                -5.3940311989589
                            ],
                            [
                                105.290658997981183,
                                -5.392692354105954
                            ],
                            [
                                105.289544494623627,
                                -5.393754275682149
                            ],
                            [
                                105.289582247770213,
                                -5.394021896236401
                            ],
                            [
                                105.288226791319943,
                                -5.394107166709429
                            ],
                            [
                                105.287703603834572,
                                -5.393553265197329
                            ],
                            [
                                105.286824963456823,
                                -5.393558067499791
                            ]
                        ]
                    ]
                ]
            }
        },
        {
            "type": "Feature",
            "properties": {
                "id": 9,
                "Luas_km": 9.366,
                "Kecamatan": "Tanjung Senang"
            },
            "geometry": {
                "type": "MultiPolygon",
                "coordinates": [
                    [
                        [
                            [
                                105.27440862084228,
                                -5.373556162192473
                            ],
                            [
                                105.271885712215138,
                                -5.372139244730072
                            ],
                            [
                                105.26445787497876,
                                -5.367069587144771
                            ],
                            [
                                105.259353978613603,
                                -5.364489921239444
                            ],
                            [
                                105.255911997040471,
                                -5.363915593447022
                            ],
                            [
                                105.254236782741017,
                                -5.362061593307218
                            ],
                            [
                                105.25014530280734,
                                -5.359814106629022
                            ],
                            [
                                105.248564356529286,
                                -5.359676396487196
                            ],
                            [
                                105.248704187410979,
                                -5.357736472148201
                            ],
                            [
                                105.24975229888561,
                                -5.355570641164291
                            ],
                            [
                                105.252740870591779,
                                -5.353634834028217
                            ],
                            [
                                105.252325471134327,
                                -5.351738031844983
                            ],
                            [
                                105.25083267371312,
                                -5.34989988464332
                            ],
                            [
                                105.250953513176498,
                                -5.348873339362548
                            ],
                            [
                                105.253496709865857,
                                -5.349216879768071
                            ],
                            [
                                105.255697868015318,
                                -5.348920583710503
                            ],
                            [
                                105.256274026138044,
                                -5.3511669200928
                            ],
                            [
                                105.258345128195941,
                                -5.351827734631757
                            ],
                            [
                                105.260705908007012,
                                -5.352155383549343
                            ],
                            [
                                105.261333355366986,
                                -5.353033591029206
                            ],
                            [
                                105.263364651929635,
                                -5.353973078565834
                            ],
                            [
                                105.266527688382496,
                                -5.354584121345213
                            ],
                            [
                                105.26817627609428,
                                -5.35430069888132
                            ],
                            [
                                105.268214644825321,
                                -5.352992460003815
                            ],
                            [
                                105.269049578287152,
                                -5.352729667493369
                            ],
                            [
                                105.271401365405268,
                                -5.347581414421094
                            ],
                            [
                                105.271214159313189,
                                -5.344133601481538
                            ],
                            [
                                105.276929102589392,
                                -5.342374243769385
                            ],
                            [
                                105.278160444090318,
                                -5.344921694691412
                            ],
                            [
                                105.278749109251947,
                                -5.344149409159682
                            ],
                            [
                                105.279848358375943,
                                -5.344016395255479
                            ],
                            [
                                105.281573538855127,
                                -5.345127496443552
                            ],
                            [
                                105.282660832208904,
                                -5.346350792886948
                            ],
                            [
                                105.283971040484261,
                                -5.349743904938327
                            ],
                            [
                                105.287258148250302,
                                -5.349465948381646
                            ],
                            [
                                105.288973047445111,
                                -5.348776521193631
                            ],
                            [
                                105.291932187967461,
                                -5.348744514936056
                            ],
                            [
                                105.289425327201741,
                                -5.352171142915649
                            ],
                            [
                                105.290161458414431,
                                -5.352509782800674
                            ],
                            [
                                105.290223235669686,
                                -5.35442153242333
                            ],
                            [
                                105.292094338622348,
                                -5.354569267474616
                            ],
                            [
                                105.29220360820986,
                                -5.355417585596387
                            ],
                            [
                                105.293489836012682,
                                -5.355422868451551
                            ],
                            [
                                105.29355091268809,
                                -5.356993945513963
                            ],
                            [
                                105.290863052267071,
                                -5.356902156633971
                            ],
                            [
                                105.286293534282891,
                                -5.358700243058265
                            ],
                            [
                                105.286276564204215,
                                -5.359125787570684
                            ],
                            [
                                105.288297336006025,
                                -5.359139134136014
                            ],
                            [
                                105.288599094724788,
                                -5.360121135558388
                            ],
                            [
                                105.287974068385324,
                                -5.360493713708793
                            ],
                            [
                                105.289025018943107,
                                -5.362944038956851
                            ],
                            [
                                105.290106344741105,
                                -5.362956891466582
                            ],
                            [
                                105.290190478491468,
                                -5.364672297121777
                            ],
                            [
                                105.289384045943535,
                                -5.36478506045223
                            ],
                            [
                                105.289672160619972,
                                -5.369059993656476
                            ],
                            [
                                105.289599704718185,
                                -5.369419695673838
                            ],
                            [
                                105.288935657299376,
                                -5.369422856171945
                            ],
                            [
                                105.287557290787504,
                                -5.371163358308925
                            ],
                            [
                                105.286677763775927,
                                -5.37117825056152
                            ],
                            [
                                105.283966938147671,
                                -5.367861514458754
                            ],
                            [
                                105.282546642582957,
                                -5.369730540202259
                            ],
                            [
                                105.281773405976509,
                                -5.370395213237399
                            ],
                            [
                                105.28196724344042,
                                -5.372140487617306
                            ],
                            [
                                105.27440862084228,
                                -5.373556162192473
                            ]
                        ]
                    ]
                ]
            }
        },
        {
            "type": "Feature",
            "properties": {
                "id": 10,
                "Luas_km": 12.882,
                "Kecamatan": "Rajabasa"
            },
            "geometry": {
                "type": "MultiPolygon",
                "coordinates": [
                    [
                        [
                            [
                                105.248564356529286,
                                -5.359676396487196
                            ],
                            [
                                105.246629309127457,
                                -5.359210451317415
                            ],
                            [
                                105.244101699739034,
                                -5.359386801676729
                            ],
                            [
                                105.24051305147654,
                                -5.361178815842475
                            ],
                            [
                                105.245766329578274,
                                -5.36624211447359
                            ],
                            [
                                105.243892122268875,
                                -5.368831594094924
                            ],
                            [
                                105.244586074059015,
                                -5.369563065008421
                            ],
                            [
                                105.244052136718153,
                                -5.370584093825155
                            ],
                            [
                                105.244384679548858,
                                -5.371680595210155
                            ],
                            [
                                105.245992624522543,
                                -5.373254198579839
                            ],
                            [
                                105.246165573264463,
                                -5.376166842176247
                            ],
                            [
                                105.247516996226381,
                                -5.377870593357361
                            ],
                            [
                                105.249401226418954,
                                -5.379437745498602
                            ],
                            [
                                105.248581694204063,
                                -5.380571133973352
                            ],
                            [
                                105.24785829055044,
                                -5.379913362361545
                            ],
                            [
                                105.246448363542385,
                                -5.380095558801711
                            ],
                            [
                                105.246464150683678,
                                -5.381484707918335
                            ],
                            [
                                105.244985252291116,
                                -5.382103153128915
                            ],
                            [
                                105.244927120352955,
                                -5.383287606521487
                            ],
                            [
                                105.242192769078571,
                                -5.383201938919964
                            ],
                            [
                                105.240513937034876,
                                -5.380691921258072
                            ],
                            [
                                105.238268890510994,
                                -5.38148763740938
                            ],
                            [
                                105.237143600534168,
                                -5.380871112542369
                            ],
                            [
                                105.233001224150826,
                                -5.381120309015246
                            ],
                            [
                                105.231494768900674,
                                -5.381355098189497
                            ],
                            [
                                105.226656545721241,
                                -5.381330180634027
                            ],
                            [
                                105.225411188069842,
                                -5.382777229973327
                            ],
                            [
                                105.221379555919469,
                                -5.379848770081518
                            ],
                            [
                                105.220063549016729,
                                -5.380911007542584
                            ],
                            [
                                105.219183305800442,
                                -5.379853648087253
                            ],
                            [
                                105.219338753693336,
                                -5.378354799475246
                            ],
                            [
                                105.217370700862261,
                                -5.377521703786127
                            ],
                            [
                                105.217701339967277,
                                -5.375919953285645
                            ],
                            [
                                105.214716597234784,
                                -5.37639253763816
                            ],
                            [
                                105.215033963785359,
                                -5.37278096935047
                            ],
                            [
                                105.212233830112567,
                                -5.372773378883214
                            ],
                            [
                                105.213052948062085,
                                -5.371285058739582
                            ],
                            [
                                105.213944269567662,
                                -5.371377675897796
                            ],
                            [
                                105.214336646395282,
                                -5.370573075672369
                            ],
                            [
                                105.215208832264224,
                                -5.371106562434091
                            ],
                            [
                                105.21587881047499,
                                -5.369060347255781
                            ],
                            [
                                105.217414138747031,
                                -5.367974036174388
                            ],
                            [
                                105.219809111382972,
                                -5.367389619517986
                            ],
                            [
                                105.220832167420397,
                                -5.367600737631459
                            ],
                            [
                                105.222601966703493,
                                -5.365589308371961
                            ],
                            [
                                105.223852258263463,
                                -5.363563121836427
                            ],
                            [
                                105.226902779492477,
                                -5.361968252456055
                            ],
                            [
                                105.22936843935814,
                                -5.361450990317017
                            ],
                            [
                                105.231086928724324,
                                -5.358977547261344
                            ],
                            [
                                105.233656696855647,
                                -5.356578246193035
                            ],
                            [
                                105.235310390743564,
                                -5.35414489206473
                            ],
                            [
                                105.234143672453385,
                                -5.353128206140911
                            ],
                            [
                                105.233743860296826,
                                -5.351751294030133
                            ],
                            [
                                105.234533175752674,
                                -5.350264446385796
                            ],
                            [
                                105.235493910159292,
                                -5.350836166152793
                            ],
                            [
                                105.236219201925607,
                                -5.350426562915988
                            ],
                            [
                                105.236145654954072,
                                -5.349520345403053
                            ],
                            [
                                105.238848259678292,
                                -5.348398418753793
                            ],
                            [
                                105.239663602200508,
                                -5.34644104552144
                            ],
                            [
                                105.242528267967799,
                                -5.343213316582672
                            ],
                            [
                                105.242578799202718,
                                -5.342028123334357
                            ],
                            [
                                105.243426832331522,
                                -5.340744633373234
                            ],
                            [
                                105.244646362756924,
                                -5.340637347565299
                            ],
                            [
                                105.245387014410895,
                                -5.337438085470136
                            ],
                            [
                                105.245439626705732,
                                -5.335444738888171
                            ],
                            [
                                105.246070278342657,
                                -5.334020287652991
                            ],
                            [
                                105.2468666294466,
                                -5.332976302275712
                            ],
                            [
                                105.247812134873797,
                                -5.331106475843252
                            ],
                            [
                                105.250430366966611,
                                -5.329550122723805
                            ],
                            [
                                105.255452709082945,
                                -5.328874258212618
                            ],
                            [
                                105.256943404764655,
                                -5.329690433134505
                            ],
                            [
                                105.258376512883686,
                                -5.32941873172028
                            ],
                            [
                                105.259491735202971,
                                -5.330324210499914
                            ],
                            [
                                105.260500354792228,
                                -5.347783308025303
                            ],
                            [
                                105.259381928195964,
                                -5.349180489390339
                            ],
                            [
                                105.260021438139546,
                                -5.349747105646461
                            ],
                            [
                                105.258661770178648,
                                -5.349880310412195
                            ],
                            [
                                105.258345128195941,
                                -5.351827734631757
                            ],
                            [
                                105.256274026138044,
                                -5.3511669200928
                            ],
                            [
                                105.255697868015318,
                                -5.348920583710503
                            ],
                            [
                                105.253496709865857,
                                -5.349216879768071
                            ],
                            [
                                105.250953513176498,
                                -5.348873339362548
                            ],
                            [
                                105.25083267371312,
                                -5.34989988464332
                            ],
                            [
                                105.252325471134327,
                                -5.351738031844983
                            ],
                            [
                                105.252740870591779,
                                -5.353634834028217
                            ],
                            [
                                105.249752298885596,
                                -5.35557064116429
                            ],
                            [
                                105.248704187410965,
                                -5.357736472148201
                            ],
                            [
                                105.248564356529286,
                                -5.359676396487196
                            ]
                        ]
                    ]
                ]
            }
        },
        {
            "type": "Feature",
            "properties": {
                "id": 11,
                "Luas_km": 5.15,
                "Kecamatan": "Langkapura"
            },
            "geometry": {
                "type": "MultiPolygon",
                "coordinates": [
                    [
                        [
                            [
                                105.220063549016729,
                                -5.380911007542584
                            ],
                            [
                                105.221379555919469,
                                -5.379848770081518
                            ],
                            [
                                105.225411188069842,
                                -5.382777229973327
                            ],
                            [
                                105.226656545721227,
                                -5.381330180634027
                            ],
                            [
                                105.231494768900674,
                                -5.381355098189497
                            ],
                            [
                                105.237143600534168,
                                -5.380871112542368
                            ],
                            [
                                105.23826889051098,
                                -5.38148763740938
                            ],
                            [
                                105.240513937034862,
                                -5.380691921258072
                            ],
                            [
                                105.242192769078571,
                                -5.383201938919964
                            ],
                            [
                                105.244927120352955,
                                -5.383287606521487
                            ],
                            [
                                105.245753608975122,
                                -5.383992478921792
                            ],
                            [
                                105.2449551699181,
                                -5.385234447250858
                            ],
                            [
                                105.243892015518057,
                                -5.384608088184862
                            ],
                            [
                                105.243884993656408,
                                -5.385385234636905
                            ],
                            [
                                105.243423645444295,
                                -5.386626061274799
                            ],
                            [
                                105.24035677891203,
                                -5.387883940570701
                            ],
                            [
                                105.238315614532212,
                                -5.388102653008833
                            ],
                            [
                                105.237784337092791,
                                -5.389093382288396
                            ],
                            [
                                105.238121999886104,
                                -5.389260043853159
                            ],
                            [
                                105.238045820585953,
                                -5.390824161759412
                            ],
                            [
                                105.237419344855226,
                                -5.391852344639403
                            ],
                            [
                                105.237650425535335,
                                -5.39358046812024
                            ],
                            [
                                105.237019773898396,
                                -5.395004780315797
                            ],
                            [
                                105.23862257133662,
                                -5.395068136202701
                            ],
                            [
                                105.237175433280697,
                                -5.398114061567733
                            ],
                            [
                                105.239710464211726,
                                -5.398899107584036
                            ],
                            [
                                105.238168114077979,
                                -5.400762490170909
                            ],
                            [
                                105.238307786478586,
                                -5.401613391997904
                            ],
                            [
                                105.239287911984334,
                                -5.403010237175766
                            ],
                            [
                                105.238508092237652,
                                -5.404040292840206
                            ],
                            [
                                105.23745102942938,
                                -5.404390463485076
                            ],
                            [
                                105.237498907656018,
                                -5.40384564527102
                            ],
                            [
                                105.234752001090186,
                                -5.402508411402771
                            ],
                            [
                                105.233724024930666,
                                -5.404096341578234
                            ],
                            [
                                105.228948095809187,
                                -5.401270903367399
                            ],
                            [
                                105.226426247263831,
                                -5.40678513051745
                            ],
                            [
                                105.222977759413624,
                                -5.405279793521092
                            ],
                            [
                                105.222900147572801,
                                -5.402921838630869
                            ],
                            [
                                105.223153062731328,
                                -5.402069551544336
                            ],
                            [
                                105.222037698959596,
                                -5.400176506709325
                            ],
                            [
                                105.221263144933246,
                                -5.397781458152254
                            ],
                            [
                                105.220372885907622,
                                -5.396297908559065
                            ],
                            [
                                105.220391267790959,
                                -5.394468150579218
                            ],
                            [
                                105.222198955567379,
                                -5.391589079433953
                            ],
                            [
                                105.220606901282679,
                                -5.390528815141029
                            ],
                            [
                                105.221683952976619,
                                -5.389346573133746
                            ],
                            [
                                105.219668923013018,
                                -5.387292418068409
                            ],
                            [
                                105.220392933499511,
                                -5.385535910352947
                            ],
                            [
                                105.21977619785001,
                                -5.382965503105431
                            ],
                            [
                                105.220151299453889,
                                -5.381533056625868
                            ],
                            [
                                105.220063549016729,
                                -5.380911007542584
                            ]
                        ]
                    ]
                ]
            }
        },
        {
            "type": "Feature",
            "properties": {
                "id": 12,
                "Luas_km": 5.994,
                "Kecamatan": "Labuhan Ratu"
            },
            "geometry": {
                "type": "MultiPolygon",
                "coordinates": [
                    [
                        [
                            [
                                105.2449551699181,
                                -5.385234447250857
                            ],
                            [
                                105.245753608975107,
                                -5.383992478921792
                            ],
                            [
                                105.244927120352955,
                                -5.383287606521487
                            ],
                            [
                                105.244985252291116,
                                -5.382103153128915
                            ],
                            [
                                105.246464150683678,
                                -5.381484707918335
                            ],
                            [
                                105.246448363542385,
                                -5.380095558801711
                            ],
                            [
                                105.24785829055044,
                                -5.379913362361545
                            ],
                            [
                                105.248581694204049,
                                -5.380571133973352
                            ],
                            [
                                105.249401226418954,
                                -5.379437745498602
                            ],
                            [
                                105.247516996226381,
                                -5.377870593357359
                            ],
                            [
                                105.246165573264463,
                                -5.376166842176247
                            ],
                            [
                                105.245992624522543,
                                -5.373254198579839
                            ],
                            [
                                105.244384679548858,
                                -5.371680595210155
                            ],
                            [
                                105.244052136718153,
                                -5.370584093825155
                            ],
                            [
                                105.244586074059015,
                                -5.369563065008421
                            ],
                            [
                                105.243892122268875,
                                -5.368831594094923
                            ],
                            [
                                105.245766329578274,
                                -5.366242114473591
                            ],
                            [
                                105.24051305147654,
                                -5.361178815842475
                            ],
                            [
                                105.244101699739034,
                                -5.359386801676729
                            ],
                            [
                                105.246629309127442,
                                -5.359210451317415
                            ],
                            [
                                105.248564356529286,
                                -5.359676396487196
                            ],
                            [
                                105.25014530280734,
                                -5.359814106629022
                            ],
                            [
                                105.254236782741017,
                                -5.362061593307218
                            ],
                            [
                                105.255911997040471,
                                -5.363915593447021
                            ],
                            [
                                105.259353978613603,
                                -5.364489921239444
                            ],
                            [
                                105.26445787497876,
                                -5.367069587144771
                            ],
                            [
                                105.271885712215123,
                                -5.372139244730072
                            ],
                            [
                                105.272060659329327,
                                -5.375334200199641
                            ],
                            [
                                105.271149532780925,
                                -5.375941105224912
                            ],
                            [
                                105.270291817888975,
                                -5.378031946093883
                            ],
                            [
                                105.269814723894868,
                                -5.381543706962177
                            ],
                            [
                                105.267531480907508,
                                -5.382076841094509
                            ],
                            [
                                105.266388715517067,
                                -5.382007803308986
                            ],
                            [
                                105.26476482492096,
                                -5.381835857129225
                            ],
                            [
                                105.26070697965018,
                                -5.379728625693405
                            ],
                            [
                                105.258922337282058,
                                -5.37981718210613
                            ],
                            [
                                105.25738586511325,
                                -5.380567866592344
                            ],
                            [
                                105.257054865860098,
                                -5.38154555250086
                            ],
                            [
                                105.25718884634972,
                                -5.383158496180739
                            ],
                            [
                                105.254707812810082,
                                -5.38524516849454
                            ],
                            [
                                105.252341148140871,
                                -5.385420279854554
                            ],
                            [
                                105.250852747145885,
                                -5.385885392021351
                            ],
                            [
                                105.250472326088499,
                                -5.385333751555069
                            ],
                            [
                                105.24930382649903,
                                -5.386429108107401
                            ],
                            [
                                105.248840748655354,
                                -5.385946519206308
                            ],
                            [
                                105.247141715842446,
                                -5.3866296613114
                            ],
                            [
                                105.2449551699181,
                                -5.385234447250857
                            ]
                        ]
                    ]
                ]
            }
        },
        {
            "type": "Feature",
            "properties": {
                "id": 13,
                "Luas_km": 3.705,
                "Kecamatan": "Kedaton"
            },
            "geometry": {
                "type": "MultiPolygon",
                "coordinates": [
                    [
                        [
                            [
                                105.252341148140871,
                                -5.385420279854554
                            ],
                            [
                                105.254707812810082,
                                -5.38524516849454
                            ],
                            [
                                105.25718884634972,
                                -5.383158496180739
                            ],
                            [
                                105.257054865860098,
                                -5.38154555250086
                            ],
                            [
                                105.25738586511325,
                                -5.380567866592344
                            ],
                            [
                                105.258922337282058,
                                -5.37981718210613
                            ],
                            [
                                105.26070697965018,
                                -5.379728625693405
                            ],
                            [
                                105.26476482492096,
                                -5.381835857129224
                            ],
                            [
                                105.267531480907508,
                                -5.382076841094509
                            ],
                            [
                                105.269814723894868,
                                -5.381543706962177
                            ],
                            [
                                105.269804497756013,
                                -5.3846233579101
                            ],
                            [
                                105.268635519245194,
                                -5.385375545776217
                            ],
                            [
                                105.268962370165013,
                                -5.387234030318533
                            ],
                            [
                                105.266127300955915,
                                -5.386377084811082
                            ],
                            [
                                105.265361538718977,
                                -5.387072890913069
                            ],
                            [
                                105.264102095984967,
                                -5.38641418644765
                            ],
                            [
                                105.263558649148507,
                                -5.386671853359188
                            ],
                            [
                                105.264094888069295,
                                -5.387542066657637
                            ],
                            [
                                105.264496615911398,
                                -5.390291568612819
                            ],
                            [
                                105.263924709520296,
                                -5.394359247778984
                            ],
                            [
                                105.262211939637851,
                                -5.398510527613452
                            ],
                            [
                                105.259810158767095,
                                -5.401961277756381
                            ],
                            [
                                105.259466259687386,
                                -5.404828766405862
                            ],
                            [
                                105.258634744129395,
                                -5.404878338933775
                            ],
                            [
                                105.258219930406753,
                                -5.40436946915997
                            ],
                            [
                                105.257522195498026,
                                -5.405162677696597
                            ],
                            [
                                105.25614475925606,
                                -5.405149451050693
                            ],
                            [
                                105.25399298155159,
                                -5.403315066809245
                            ],
                            [
                                105.252516357166087,
                                -5.403384699028419
                            ],
                            [
                                105.252484438348333,
                                -5.403747911501987
                            ],
                            [
                                105.251937187713636,
                                -5.403700246053572
                            ],
                            [
                                105.249612116732081,
                                -5.402094759265874
                            ],
                            [
                                105.251137363560147,
                                -5.400077393296197
                            ],
                            [
                                105.248685733631461,
                                -5.397820380767779
                            ],
                            [
                                105.247736596673533,
                                -5.397813959456314
                            ],
                            [
                                105.246995490193044,
                                -5.394394434926375
                            ],
                            [
                                105.24848579998033,
                                -5.39469199175615
                            ],
                            [
                                105.248767777110061,
                                -5.393923556229471
                            ],
                            [
                                105.249478453204674,
                                -5.394900452274611
                            ],
                            [
                                105.25032441216679,
                                -5.395035135869628
                            ],
                            [
                                105.250511377059226,
                                -5.39395342650527
                            ],
                            [
                                105.248969185406622,
                                -5.393026102432599
                            ],
                            [
                                105.24950882844486,
                                -5.392463107560408
                            ],
                            [
                                105.249372001999774,
                                -5.391231190857832
                            ],
                            [
                                105.250071266699663,
                                -5.391292097960288
                            ],
                            [
                                105.250723769496815,
                                -5.389793430144194
                            ],
                            [
                                105.251880592397029,
                                -5.389528190592339
                            ],
                            [
                                105.252648242746616,
                                -5.38776504648024
                            ],
                            [
                                105.252341148140871,
                                -5.385420279854554
                            ]
                        ]
                    ]
                ]
            }
        },
        {
            "type": "Feature",
            "properties": {
                "id": 14,
                "Luas_km": 6.242,
                "Kecamatan": "Way Halim"
            },
            "geometry": {
                "type": "MultiPolygon",
                "coordinates": [
                    [
                        [
                            [
                                105.259466259687386,
                                -5.404828766405862
                            ],
                            [
                                105.259810158767081,
                                -5.401961277756381
                            ],
                            [
                                105.262211939637851,
                                -5.398510527613452
                            ],
                            [
                                105.263924709520296,
                                -5.394359247778984
                            ],
                            [
                                105.264496615911398,
                                -5.390291568612819
                            ],
                            [
                                105.264094888069295,
                                -5.387542066657637
                            ],
                            [
                                105.263558649148507,
                                -5.386671853359188
                            ],
                            [
                                105.264102095984967,
                                -5.38641418644765
                            ],
                            [
                                105.265361538718963,
                                -5.387072890913069
                            ],
                            [
                                105.266127300955915,
                                -5.386377084811082
                            ],
                            [
                                105.268962370165013,
                                -5.387234030318533
                            ],
                            [
                                105.268635519245194,
                                -5.385375545776216
                            ],
                            [
                                105.269804497756013,
                                -5.3846233579101
                            ],
                            [
                                105.269814723894868,
                                -5.381543706962177
                            ],
                            [
                                105.270291817888975,
                                -5.378031946093883
                            ],
                            [
                                105.271149532780925,
                                -5.375941105224912
                            ],
                            [
                                105.272060659329327,
                                -5.375334200199641
                            ],
                            [
                                105.271885712215123,
                                -5.372139244730072
                            ],
                            [
                                105.27440862084228,
                                -5.373556162192473
                            ],
                            [
                                105.284199943746017,
                                -5.38298987129678
                            ],
                            [
                                105.285972819435187,
                                -5.39013107137928
                            ],
                            [
                                105.283226843589759,
                                -5.392334752023726
                            ],
                            [
                                105.280592252407288,
                                -5.392334024826702
                            ],
                            [
                                105.281084031005264,
                                -5.393535856315117
                            ],
                            [
                                105.281364306076327,
                                -5.393484018920401
                            ],
                            [
                                105.282262146903776,
                                -5.394248469095551
                            ],
                            [
                                105.282259314734745,
                                -5.395849462526819
                            ],
                            [
                                105.281503726968808,
                                -5.397301011985378
                            ],
                            [
                                105.282033881191083,
                                -5.397804684096532
                            ],
                            [
                                105.282635301484603,
                                -5.399153302835532
                            ],
                            [
                                105.282694597999139,
                                -5.400134454168408
                            ],
                            [
                                105.281431079279116,
                                -5.400306522093102
                            ],
                            [
                                105.280742640239112,
                                -5.399773815600249
                            ],
                            [
                                105.280746802358919,
                                -5.398157698540857
                            ],
                            [
                                105.279887543889373,
                                -5.398174355535273
                            ],
                            [
                                105.279371653910502,
                                -5.398815663072506
                            ],
                            [
                                105.280057060941047,
                                -5.400080096168523
                            ],
                            [
                                105.279872184001718,
                                -5.400963729655227
                            ],
                            [
                                105.27874862365644,
                                -5.402070597072374
                            ],
                            [
                                105.275960502404061,
                                -5.402422490804376
                            ],
                            [
                                105.275362127906462,
                                -5.401562136571134
                            ],
                            [
                                105.275503543724966,
                                -5.405356378059119
                            ],
                            [
                                105.276047948404212,
                                -5.405785036508999
                            ],
                            [
                                105.27466938205194,
                                -5.406656189690668
                            ],
                            [
                                105.273805747835809,
                                -5.406199727126965
                            ],
                            [
                                105.273106283295505,
                                -5.405269574763137
                            ],
                            [
                                105.271018184745387,
                                -5.405499442627664
                            ],
                            [
                                105.269059305043882,
                                -5.406350550476903
                            ],
                            [
                                105.267941836290376,
                                -5.40843391182599
                            ],
                            [
                                105.266873575714243,
                                -5.409957319610252
                            ],
                            [
                                105.266569175475851,
                                -5.410632284699614
                            ],
                            [
                                105.263908488294831,
                                -5.405002187885019
                            ],
                            [
                                105.259466259687386,
                                -5.404828766405862
                            ]
                        ]
                    ]
                ]
            }
        },
        {
            "type": "Feature",
            "properties": {
                "id": 15,
                "Luas_km": 8.273,
                "Kecamatan": "Kedamaian"
            },
            "geometry": {
                "type": "MultiPolygon",
                "coordinates": [
                    [
                        [
                            [
                                105.266569175475837,
                                -5.410632284699614
                            ],
                            [
                                105.266873575714243,
                                -5.409957319610252
                            ],
                            [
                                105.267941836290376,
                                -5.40843391182599
                            ],
                            [
                                105.269059305043882,
                                -5.406350550476903
                            ],
                            [
                                105.271018184745387,
                                -5.405499442627663
                            ],
                            [
                                105.273106283295505,
                                -5.405269574763137
                            ],
                            [
                                105.273805747835809,
                                -5.406199727126965
                            ],
                            [
                                105.27466938205194,
                                -5.406656189690667
                            ],
                            [
                                105.276047948404212,
                                -5.405785036508999
                            ],
                            [
                                105.275503543724966,
                                -5.405356378059119
                            ],
                            [
                                105.275362127906462,
                                -5.401562136571134
                            ],
                            [
                                105.275960502404047,
                                -5.402422490804376
                            ],
                            [
                                105.27874862365644,
                                -5.402070597072373
                            ],
                            [
                                105.279872184001718,
                                -5.400963729655226
                            ],
                            [
                                105.280057060941047,
                                -5.400080096168523
                            ],
                            [
                                105.279371653910502,
                                -5.398815663072506
                            ],
                            [
                                105.279887543889373,
                                -5.398174355535273
                            ],
                            [
                                105.280746802358919,
                                -5.398157698540857
                            ],
                            [
                                105.280742640239097,
                                -5.399773815600249
                            ],
                            [
                                105.281431079279116,
                                -5.400306522093102
                            ],
                            [
                                105.282694597999125,
                                -5.400134454168408
                            ],
                            [
                                105.282635301484603,
                                -5.399153302835532
                            ],
                            [
                                105.282033881191083,
                                -5.397804684096532
                            ],
                            [
                                105.281503726968808,
                                -5.397301011985378
                            ],
                            [
                                105.282259314734745,
                                -5.395849462526819
                            ],
                            [
                                105.282262146903776,
                                -5.394248469095551
                            ],
                            [
                                105.281364306076313,
                                -5.393484018920401
                            ],
                            [
                                105.281084031005264,
                                -5.393535856315117
                            ],
                            [
                                105.280592252407288,
                                -5.392334024826702
                            ],
                            [
                                105.283226843589759,
                                -5.392334752023726
                            ],
                            [
                                105.285972819435187,
                                -5.39013107137928
                            ],
                            [
                                105.286824963456823,
                                -5.393558067499791
                            ],
                            [
                                105.288695737979481,
                                -5.403877388883183
                            ],
                            [
                                105.290177009160999,
                                -5.405846532656252
                            ],
                            [
                                105.291553000607166,
                                -5.40692202367245
                            ],
                            [
                                105.293207220530505,
                                -5.411803630134924
                            ],
                            [
                                105.29413987668147,
                                -5.416297030621272
                            ],
                            [
                                105.293923556409567,
                                -5.420385339563856
                            ],
                            [
                                105.294587342280821,
                                -5.425962727307675
                            ],
                            [
                                105.293984109679016,
                                -5.426784470469344
                            ],
                            [
                                105.293299288383309,
                                -5.426907814169819
                            ],
                            [
                                105.293301576176802,
                                -5.427578973573767
                            ],
                            [
                                105.292997548046429,
                                -5.427552493813716
                            ],
                            [
                                105.292898226675931,
                                -5.427055872309189
                            ],
                            [
                                105.292107505464941,
                                -5.427454642171318
                            ],
                            [
                                105.291468044912236,
                                -5.428456216769455
                            ],
                            [
                                105.290793348696582,
                                -5.427767158214994
                            ],
                            [
                                105.289490346059964,
                                -5.428649944038733
                            ],
                            [
                                105.288978148813882,
                                -5.42976199008304
                            ],
                            [
                                105.287353059998978,
                                -5.430158012992083
                            ],
                            [
                                105.286573396649118,
                                -5.431602366817279
                            ],
                            [
                                105.286498032505733,
                                -5.43272999500081
                            ],
                            [
                                105.28474935577978,
                                -5.433451964643835
                            ],
                            [
                                105.282466851453009,
                                -5.433631231835657
                            ],
                            [
                                105.282037250181318,
                                -5.432577769959792
                            ],
                            [
                                105.281300853406691,
                                -5.432584519930968
                            ],
                            [
                                105.280858908567211,
                                -5.433562074013715
                            ],
                            [
                                105.280040295147558,
                                -5.434099221573051
                            ],
                            [
                                105.278292720907331,
                                -5.434673604968708
                            ],
                            [
                                105.27649626354426,
                                -5.434723894720983
                            ],
                            [
                                105.275446867438831,
                                -5.43397088746026
                            ],
                            [
                                105.275149556517732,
                                -5.434045415971894
                            ],
                            [
                                105.273945355511586,
                                -5.433097805445205
                            ],
                            [
                                105.274175701625722,
                                -5.429467235607315
                            ],
                            [
                                105.274060668246705,
                                -5.427411086600528
                            ],
                            [
                                105.26919056517869,
                                -5.42242357800796
                            ],
                            [
                                105.268620819712638,
                                -5.421166871941029
                            ],
                            [
                                105.271452983496602,
                                -5.422591187174293
                            ],
                            [
                                105.273995485086871,
                                -5.421590829227522
                            ],
                            [
                                105.275755489683419,
                                -5.421670518195057
                            ],
                            [
                                105.275932262107418,
                                -5.421005089939299
                            ],
                            [
                                105.277416144704873,
                                -5.421099984261129
                            ],
                            [
                                105.277499782760202,
                                -5.420596956686893
                            ],
                            [
                                105.277822250486906,
                                -5.420517092079727
                            ],
                            [
                                105.277833676436302,
                                -5.419826220856041
                            ],
                            [
                                105.278460270055248,
                                -5.419763031050042
                            ],
                            [
                                105.278364815790923,
                                -5.418886202859881
                            ],
                            [
                                105.27884564149052,
                                -5.418574787345966
                            ],
                            [
                                105.277886899232627,
                                -5.416921083436631
                            ],
                            [
                                105.277307029401399,
                                -5.417910835769787
                            ],
                            [
                                105.276134296117377,
                                -5.417121730643721
                            ],
                            [
                                105.275674490794827,
                                -5.416296581409657
                            ],
                            [
                                105.275042274002857,
                                -5.416535929639155
                            ],
                            [
                                105.274463840997711,
                                -5.414817206477974
                            ],
                            [
                                105.273690024888793,
                                -5.415770442344263
                            ],
                            [
                                105.272877452116546,
                                -5.414486095079667
                            ],
                            [
                                105.272291632910367,
                                -5.414877304171313
                            ],
                            [
                                105.271693923388099,
                                -5.414009400847818
                            ],
                            [
                                105.271045403549977,
                                -5.414852631516722
                            ],
                            [
                                105.269869196443821,
                                -5.4149026800075
                            ],
                            [
                                105.270416726159525,
                                -5.414424264189802
                            ],
                            [
                                105.270155349479793,
                                -5.413738148651511
                            ],
                            [
                                105.269085359272097,
                                -5.41353820812669
                            ],
                            [
                                105.268655164982164,
                                -5.41398872079853
                            ],
                            [
                                105.268022025711275,
                                -5.413872577671186
                            ],
                            [
                                105.267182337501694,
                                -5.413753693872925
                            ],
                            [
                                105.266030176322289,
                                -5.414575932721325
                            ],
                            [
                                105.266569175475837,
                                -5.410632284699614
                            ]
                        ]
                    ]
                ]
            }
        },
        {
            "type": "Feature",
            "properties": {
                "id": 16,
                "Luas_km": 4.095,
                "Kecamatan": "Teluk Betung Utara"
            },
            "geometry": {
                "type": "MultiPolygon",
                "coordinates": [
                    [
                        [
                            [
                                105.245624033997956,
                                -5.42636407184539
                            ],
                            [
                                105.249388998484918,
                                -5.425435233361739
                            ],
                            [
                                105.250000247563904,
                                -5.42693475185323
                            ],
                            [
                                105.250233863165221,
                                -5.428566980177542
                            ],
                            [
                                105.252862036116582,
                                -5.428442595662476
                            ],
                            [
                                105.254395140332022,
                                -5.428664445466556
                            ],
                            [
                                105.256537403220477,
                                -5.428011967988978
                            ],
                            [
                                105.257045055410686,
                                -5.429049806746052
                            ],
                            [
                                105.257760150820744,
                                -5.428736719960331
                            ],
                            [
                                105.257655850475729,
                                -5.426894949075582
                            ],
                            [
                                105.260292554642533,
                                -5.426925871441557
                            ],
                            [
                                105.261385211188397,
                                -5.426165414463918
                            ],
                            [
                                105.262303793540809,
                                -5.42744881247281
                            ],
                            [
                                105.265832658236334,
                                -5.428054251468187
                            ],
                            [
                                105.267415158687385,
                                -5.428975940432464
                            ],
                            [
                                105.267379013288931,
                                -5.432163419045504
                            ],
                            [
                                105.268581116344109,
                                -5.432113554286834
                            ],
                            [
                                105.270628478205609,
                                -5.43355045220421
                            ],
                            [
                                105.270708551891374,
                                -5.434153595483604
                            ],
                            [
                                105.274550671822681,
                                -5.43510647519496
                            ],
                            [
                                105.274885523066018,
                                -5.434619050009961
                            ],
                            [
                                105.275039003573681,
                                -5.434898242577043
                            ],
                            [
                                105.27504416096869,
                                -5.435312197273634
                            ],
                            [
                                105.275663822334039,
                                -5.43622862022188
                            ],
                            [
                                105.276336920914915,
                                -5.436807078104532
                            ],
                            [
                                105.275915141162358,
                                -5.43742013539034
                            ],
                            [
                                105.276158206022302,
                                -5.437760293765318
                            ],
                            [
                                105.274288827074699,
                                -5.440125755360193
                            ],
                            [
                                105.273381237945713,
                                -5.442350502341219
                            ],
                            [
                                105.272357068238577,
                                -5.446171824491783
                            ],
                            [
                                105.27151879425611,
                                -5.446122444539792
                            ],
                            [
                                105.27033633766348,
                                -5.444486561828551
                            ],
                            [
                                105.270745453504802,
                                -5.443612494773497
                            ],
                            [
                                105.270832008018004,
                                -5.44262763315698
                            ],
                            [
                                105.269764363497742,
                                -5.442487390274761
                            ],
                            [
                                105.268784469413944,
                                -5.442969133251661
                            ],
                            [
                                105.267974448974229,
                                -5.441788040873901
                            ],
                            [
                                105.266389474108436,
                                -5.441862656117416
                            ],
                            [
                                105.265827969563816,
                                -5.44136480823965
                            ],
                            [
                                105.264165703201343,
                                -5.44137362028069
                            ],
                            [
                                105.264326778322157,
                                -5.442781737152297
                            ],
                            [
                                105.265387807928022,
                                -5.443807474922205
                            ],
                            [
                                105.265252380973322,
                                -5.445213391072729
                            ],
                            [
                                105.264151031875102,
                                -5.445861767392735
                            ],
                            [
                                105.262238049986678,
                                -5.445955071688468
                            ],
                            [
                                105.261272659070585,
                                -5.44660938119529
                            ],
                            [
                                105.260524216361759,
                                -5.4456728973294
                            ],
                            [
                                105.260628612196612,
                                -5.443877362380258
                            ],
                            [
                                105.259330262406152,
                                -5.442783698348852
                            ],
                            [
                                105.258914133891281,
                                -5.441914547718278
                            ],
                            [
                                105.258778530742759,
                                -5.440756748314693
                            ],
                            [
                                105.254711974013901,
                                -5.437874299554779
                            ],
                            [
                                105.25373837450104,
                                -5.435178518007617
                            ],
                            [
                                105.250563726527005,
                                -5.436461525989108
                            ],
                            [
                                105.248355977700612,
                                -5.433764579467439
                            ],
                            [
                                105.245888688121539,
                                -5.43186021745512
                            ],
                            [
                                105.244549105874185,
                                -5.429817777400637
                            ],
                            [
                                105.244516142060192,
                                -5.42776212535733
                            ],
                            [
                                105.245624033997956,
                                -5.42636407184539
                            ]
                        ]
                    ]
                ]
            }
        },
        {
            "type": "Feature",
            "properties": {
                "id": 17,
                "Luas_km": 2.748,
                "Kecamatan": "Enggal"
            },
            "geometry": {
                "type": "MultiPolygon",
                "coordinates": [
                    [
                        [
                            [
                                105.260088535049405,
                                -5.405586150210117
                            ],
                            [
                                105.259344303804099,
                                -5.40850230658346
                            ],
                            [
                                105.258034936950096,
                                -5.412296634478733
                            ],
                            [
                                105.258871375173428,
                                -5.41236948708656
                            ],
                            [
                                105.260922049744252,
                                -5.414778287061753
                            ],
                            [
                                105.259975015050145,
                                -5.415711529085724
                            ],
                            [
                                105.260747364399109,
                                -5.417523195978192
                            ],
                            [
                                105.262278542854958,
                                -5.41776696299737
                            ],
                            [
                                105.268620819712638,
                                -5.421166871941029
                            ],
                            [
                                105.269190565178675,
                                -5.42242357800796
                            ],
                            [
                                105.274060668246705,
                                -5.427411086600528
                            ],
                            [
                                105.274175701625722,
                                -5.429467235607315
                            ],
                            [
                                105.273945355511586,
                                -5.433097805445203
                            ],
                            [
                                105.275149556517732,
                                -5.434045415971894
                            ],
                            [
                                105.274885523066018,
                                -5.43461905000996
                            ],
                            [
                                105.274550671822681,
                                -5.43510647519496
                            ],
                            [
                                105.270708551891374,
                                -5.434153595483604
                            ],
                            [
                                105.270628478205609,
                                -5.43355045220421
                            ],
                            [
                                105.268581116344109,
                                -5.432113554286834
                            ],
                            [
                                105.267379013288931,
                                -5.432163419045504
                            ],
                            [
                                105.267415158687385,
                                -5.428975940432463
                            ],
                            [
                                105.265832658236334,
                                -5.428054251468187
                            ],
                            [
                                105.262303793540809,
                                -5.427448812472809
                            ],
                            [
                                105.261385211188383,
                                -5.426165414463918
                            ],
                            [
                                105.260292554642533,
                                -5.426925871441557
                            ],
                            [
                                105.257655850475729,
                                -5.426894949075582
                            ],
                            [
                                105.25694775689432,
                                -5.423382437184437
                            ],
                            [
                                105.253597161688944,
                                -5.422623863728272
                            ],
                            [
                                105.253589715314448,
                                -5.418466506139321
                            ],
                            [
                                105.254670460392475,
                                -5.415925565549536
                            ],
                            [
                                105.253621597125928,
                                -5.415982666584807
                            ],
                            [
                                105.2568586604974,
                                -5.407152935468024
                            ],
                            [
                                105.259082070313795,
                                -5.407478475131139
                            ],
                            [
                                105.259341253501859,
                                -5.405256090306124
                            ],
                            [
                                105.260088535049405,
                                -5.405586150210117
                            ]
                        ]
                    ],
                    [
                        [
                            [
                                105.259341255301734,
                                -5.405256074873003
                            ],
                            [
                                105.259341253501859,
                                -5.405256090306124
                            ],
                            [
                                105.259341240537026,
                                -5.405256084579804
                            ],
                            [
                                105.259341255301734,
                                -5.405256074873003
                            ]
                        ]
                    ]
                ]
            }
        },
        {
            "type": "Feature",
            "properties": {
                "id": 18,
                "Luas_km": 1.998,
                "Kecamatan": "Tanjung Karang Timur"
            },
            "geometry": {
                "type": "MultiPolygon",
                "coordinates": [
                    [
                        [
                            [
                                105.2568586604974,
                                -5.407152935468024
                            ],
                            [
                                105.258634744129395,
                                -5.404878338933775
                            ],
                            [
                                105.259466259687386,
                                -5.404828766405862
                            ],
                            [
                                105.263908488294831,
                                -5.405002187885019
                            ],
                            [
                                105.266569175475837,
                                -5.410632284699614
                            ],
                            [
                                105.266030176322289,
                                -5.414575932721325
                            ],
                            [
                                105.267182337501694,
                                -5.413753693872924
                            ],
                            [
                                105.268655164982164,
                                -5.41398872079853
                            ],
                            [
                                105.269085359272097,
                                -5.41353820812669
                            ],
                            [
                                105.270155349479793,
                                -5.41373814865151
                            ],
                            [
                                105.270416726159525,
                                -5.414424264189802
                            ],
                            [
                                105.269869196443821,
                                -5.4149026800075
                            ],
                            [
                                105.271045403549977,
                                -5.414852631516722
                            ],
                            [
                                105.271693923388099,
                                -5.414009400847818
                            ],
                            [
                                105.272291632910367,
                                -5.414877304171313
                            ],
                            [
                                105.272877452116546,
                                -5.414486095079667
                            ],
                            [
                                105.273690024888793,
                                -5.415770442344263
                            ],
                            [
                                105.274463840997711,
                                -5.414817206477974
                            ],
                            [
                                105.275042274002857,
                                -5.416535929639155
                            ],
                            [
                                105.275674490794827,
                                -5.416296581409657
                            ],
                            [
                                105.276134296117363,
                                -5.417121730643721
                            ],
                            [
                                105.277307029401399,
                                -5.417910835769787
                            ],
                            [
                                105.277886899232627,
                                -5.416921083436631
                            ],
                            [
                                105.27884564149052,
                                -5.418574787345966
                            ],
                            [
                                105.278364815790923,
                                -5.418886202859881
                            ],
                            [
                                105.278460270055248,
                                -5.419763031050042
                            ],
                            [
                                105.277833676436302,
                                -5.419826220856041
                            ],
                            [
                                105.277822250486906,
                                -5.420517092079727
                            ],
                            [
                                105.277499782760202,
                                -5.420596956686893
                            ],
                            [
                                105.277416144704873,
                                -5.421099984261129
                            ],
                            [
                                105.275932262107418,
                                -5.421005089939299
                            ],
                            [
                                105.275755489683419,
                                -5.421670518195057
                            ],
                            [
                                105.273995485086871,
                                -5.421590829227522
                            ],
                            [
                                105.271452983496602,
                                -5.422591187174293
                            ],
                            [
                                105.268620819712638,
                                -5.421166871941029
                            ],
                            [
                                105.262278542854958,
                                -5.417766962997368
                            ],
                            [
                                105.260747364399109,
                                -5.41752319597819
                            ],
                            [
                                105.259975015050145,
                                -5.415711529085724
                            ],
                            [
                                105.260922049744252,
                                -5.414778287061753
                            ],
                            [
                                105.258871375173428,
                                -5.41236948708656
                            ],
                            [
                                105.258034936950096,
                                -5.412296634478733
                            ],
                            [
                                105.259344303804099,
                                -5.40850230658346
                            ],
                            [
                                105.260088535049405,
                                -5.405586150210117
                            ],
                            [
                                105.259341240537026,
                                -5.405256084579804
                            ],
                            [
                                105.259082070313795,
                                -5.407478475131139
                            ],
                            [
                                105.2568586604974,
                                -5.407152935468024
                            ]
                        ]
                    ]
                ]
            }
        },
        {
            "type": "Feature",
            "properties": {
                "id": 19,
                "Luas_km": 3.351,
                "Kecamatan": "Tanjung Karang Pusat"
            },
            "geometry": {
                "type": "MultiPolygon",
                "coordinates": [
                    [
                        [
                            [
                                105.258634744129395,
                                -5.404878338933775
                            ],
                            [
                                105.2568586604974,
                                -5.407152935468024
                            ],
                            [
                                105.253621597125928,
                                -5.415982666584807
                            ],
                            [
                                105.254670460392475,
                                -5.415925565549536
                            ],
                            [
                                105.253589715314448,
                                -5.418466506139321
                            ],
                            [
                                105.253597161688944,
                                -5.422623863728272
                            ],
                            [
                                105.25694775689432,
                                -5.423382437184436
                            ],
                            [
                                105.257655850475729,
                                -5.426894949075582
                            ],
                            [
                                105.257760150820744,
                                -5.428736719960331
                            ],
                            [
                                105.257045055410686,
                                -5.429049806746052
                            ],
                            [
                                105.256537403220477,
                                -5.428011967988978
                            ],
                            [
                                105.254395140332022,
                                -5.428664445466556
                            ],
                            [
                                105.252862036116568,
                                -5.428442595662476
                            ],
                            [
                                105.250233863165221,
                                -5.428566980177542
                            ],
                            [
                                105.250000247563904,
                                -5.42693475185323
                            ],
                            [
                                105.249388998484903,
                                -5.425435233361738
                            ],
                            [
                                105.245624033997956,
                                -5.42636407184539
                            ],
                            [
                                105.242835605920135,
                                -5.426493369618248
                            ],
                            [
                                105.241158831049233,
                                -5.425857021545254
                            ],
                            [
                                105.240265873215719,
                                -5.426564920011672
                            ],
                            [
                                105.239281115377082,
                                -5.426561853266753
                            ],
                            [
                                105.239453472227524,
                                -5.424452882090121
                            ],
                            [
                                105.238922342533385,
                                -5.423562599880649
                            ],
                            [
                                105.237473255489647,
                                -5.422565989146391
                            ],
                            [
                                105.237787115683446,
                                -5.421406414958413
                            ],
                            [
                                105.23904982699618,
                                -5.420303105207522
                            ],
                            [
                                105.239460647382529,
                                -5.419547610250124
                            ],
                            [
                                105.23920033876631,
                                -5.418891916135418
                            ],
                            [
                                105.239579919729778,
                                -5.416683019096252
                            ],
                            [
                                105.239073104574373,
                                -5.415214569580952
                            ],
                            [
                                105.237811036877304,
                                -5.41510464575089
                            ],
                            [
                                105.237927687070538,
                                -5.412872833984771
                            ],
                            [
                                105.240569807580641,
                                -5.412654563578462
                            ],
                            [
                                105.243435752976069,
                                -5.41290418325869
                            ],
                            [
                                105.243297362706798,
                                -5.410861159878721
                            ],
                            [
                                105.244934434520673,
                                -5.410924618078236
                            ],
                            [
                                105.246111711217338,
                                -5.411396425114566
                            ],
                            [
                                105.249972514655113,
                                -5.411178794922848
                            ],
                            [
                                105.250651533965382,
                                -5.411290689187418
                            ],
                            [
                                105.252523598664737,
                                -5.411242733649579
                            ],
                            [
                                105.253069162128739,
                                -5.409707674085865
                            ],
                            [
                                105.254113340555463,
                                -5.411091059345773
                            ],
                            [
                                105.254666311615324,
                                -5.410677637671943
                            ],
                            [
                                105.253022314917231,
                                -5.408582598855931
                            ],
                            [
                                105.253388278553317,
                                -5.408337521994429
                            ],
                            [
                                105.253628330997273,
                                -5.405153691173568
                            ],
                            [
                                105.252530094435585,
                                -5.404385433307906
                            ],
                            [
                                105.252484438348333,
                                -5.403747911501986
                            ],
                            [
                                105.252516357166087,
                                -5.403384699028419
                            ],
                            [
                                105.25399298155159,
                                -5.403315066809245
                            ],
                            [
                                105.25614475925606,
                                -5.405149451050693
                            ],
                            [
                                105.257522195498026,
                                -5.405162677696597
                            ],
                            [
                                105.258219930406753,
                                -5.40436946915997
                            ],
                            [
                                105.258634744129395,
                                -5.404878338933775
                            ]
                        ]
                    ]
                ]
            }
        },
        {
            "type": "Feature",
            "properties": {
                "id": 20,
                "Luas_km": 11.435,
                "Kecamatan": "Tanjung Karang Barat"
            },
            "geometry": {
                "type": "MultiPolygon",
                "coordinates": [
                    [
                        [
                            [
                                105.213107330481293,
                                -5.428534105419682
                            ],
                            [
                                105.214522266200547,
                                -5.428503751611364
                            ],
                            [
                                105.214541518323117,
                                -5.425516334104527
                            ],
                            [
                                105.217014296290813,
                                -5.418040333696445
                            ],
                            [
                                105.217919947391366,
                                -5.413676841792407
                            ],
                            [
                                105.218740239901507,
                                -5.411905166771615
                            ],
                            [
                                105.221130627724349,
                                -5.409147820829697
                            ],
                            [
                                105.222977759413624,
                                -5.405279793521092
                            ],
                            [
                                105.226426247263831,
                                -5.40678513051745
                            ],
                            [
                                105.228948095809187,
                                -5.401270903367399
                            ],
                            [
                                105.233724024930666,
                                -5.404096341578234
                            ],
                            [
                                105.234752001090186,
                                -5.402508411402771
                            ],
                            [
                                105.237498907656018,
                                -5.403845645271019
                            ],
                            [
                                105.23745102942938,
                                -5.404390463485076
                            ],
                            [
                                105.238508092237652,
                                -5.404040292840206
                            ],
                            [
                                105.239287911984334,
                                -5.403010237175766
                            ],
                            [
                                105.238307786478586,
                                -5.401613391997904
                            ],
                            [
                                105.238168114077979,
                                -5.400762490170909
                            ],
                            [
                                105.239710464211726,
                                -5.398899107584036
                            ],
                            [
                                105.237175433280683,
                                -5.398114061567733
                            ],
                            [
                                105.23862257133662,
                                -5.395068136202701
                            ],
                            [
                                105.237019773898396,
                                -5.395004780315797
                            ],
                            [
                                105.237650425535335,
                                -5.39358046812024
                            ],
                            [
                                105.237419344855226,
                                -5.391852344639403
                            ],
                            [
                                105.238045820585953,
                                -5.390824161759412
                            ],
                            [
                                105.238121999886104,
                                -5.389260043853159
                            ],
                            [
                                105.237784337092791,
                                -5.389093382288396
                            ],
                            [
                                105.238315614532212,
                                -5.388102653008833
                            ],
                            [
                                105.24035677891203,
                                -5.387883940570701
                            ],
                            [
                                105.243423645444295,
                                -5.386626061274799
                            ],
                            [
                                105.243884993656408,
                                -5.385385234636905
                            ],
                            [
                                105.243892015518043,
                                -5.384608088184862
                            ],
                            [
                                105.247141715842446,
                                -5.3866296613114
                            ],
                            [
                                105.248840748655354,
                                -5.385946519206308
                            ],
                            [
                                105.24930382649903,
                                -5.3864291081074
                            ],
                            [
                                105.250472326088499,
                                -5.385333751555069
                            ],
                            [
                                105.250852747145885,
                                -5.385885392021351
                            ],
                            [
                                105.252341148140871,
                                -5.385420279854554
                            ],
                            [
                                105.252648242746616,
                                -5.38776504648024
                            ],
                            [
                                105.251880592397029,
                                -5.389528190592339
                            ],
                            [
                                105.250723769496815,
                                -5.389793430144194
                            ],
                            [
                                105.250071266699663,
                                -5.391292097960288
                            ],
                            [
                                105.249372001999774,
                                -5.391231190857832
                            ],
                            [
                                105.249508828444846,
                                -5.392463107560408
                            ],
                            [
                                105.248969185406622,
                                -5.393026102432599
                            ],
                            [
                                105.250511377059226,
                                -5.39395342650527
                            ],
                            [
                                105.25032441216679,
                                -5.395035135869628
                            ],
                            [
                                105.249478453204674,
                                -5.394900452274611
                            ],
                            [
                                105.248767777110061,
                                -5.393923556229471
                            ],
                            [
                                105.24848579998033,
                                -5.39469199175615
                            ],
                            [
                                105.246995490193044,
                                -5.394394434926375
                            ],
                            [
                                105.247736596673519,
                                -5.397813959456314
                            ],
                            [
                                105.248685733631461,
                                -5.397820380767778
                            ],
                            [
                                105.251137363560147,
                                -5.400077393296197
                            ],
                            [
                                105.249612116732081,
                                -5.402094759265874
                            ],
                            [
                                105.251937187713636,
                                -5.403700246053572
                            ],
                            [
                                105.252484438348333,
                                -5.403747911501986
                            ],
                            [
                                105.252530094435585,
                                -5.404385433307906
                            ],
                            [
                                105.253628330997273,
                                -5.405153691173568
                            ],
                            [
                                105.253388278553317,
                                -5.408337521994429
                            ],
                            [
                                105.253022314917231,
                                -5.408582598855931
                            ],
                            [
                                105.25466631161531,
                                -5.410677637671943
                            ],
                            [
                                105.254113340555463,
                                -5.411091059345773
                            ],
                            [
                                105.253069162128739,
                                -5.409707674085865
                            ],
                            [
                                105.252523598664737,
                                -5.411242733649579
                            ],
                            [
                                105.250651533965382,
                                -5.411290689187418
                            ],
                            [
                                105.249972514655113,
                                -5.411178794922848
                            ],
                            [
                                105.246111711217338,
                                -5.411396425114566
                            ],
                            [
                                105.244934434520673,
                                -5.410924618078236
                            ],
                            [
                                105.243297362706798,
                                -5.410861159878721
                            ],
                            [
                                105.243435752976069,
                                -5.41290418325869
                            ],
                            [
                                105.240569807580641,
                                -5.412654563578462
                            ],
                            [
                                105.237927687070524,
                                -5.412872833984771
                            ],
                            [
                                105.237811036877304,
                                -5.41510464575089
                            ],
                            [
                                105.239073104574373,
                                -5.415214569580952
                            ],
                            [
                                105.239579919729778,
                                -5.416683019096252
                            ],
                            [
                                105.23920033876631,
                                -5.418891916135418
                            ],
                            [
                                105.239460647382529,
                                -5.419547610250123
                            ],
                            [
                                105.23904982699618,
                                -5.420303105207522
                            ],
                            [
                                105.237787115683446,
                                -5.421406414958411
                            ],
                            [
                                105.237473255489647,
                                -5.422565989146391
                            ],
                            [
                                105.238922342533385,
                                -5.423562599880649
                            ],
                            [
                                105.239453472227524,
                                -5.424452882090121
                            ],
                            [
                                105.239281115377082,
                                -5.426561853266753
                            ],
                            [
                                105.238893715579621,
                                -5.427526445907605
                            ],
                            [
                                105.239011502762395,
                                -5.428481871334619
                            ],
                            [
                                105.238397812978334,
                                -5.42837525564788
                            ],
                            [
                                105.238397746244189,
                                -5.428983700148459
                            ],
                            [
                                105.237703529581097,
                                -5.429118176786577
                            ],
                            [
                                105.236360338816681,
                                -5.430773859983112
                            ],
                            [
                                105.235077760183174,
                                -5.431323765906519
                            ],
                            [
                                105.233756602535223,
                                -5.431232327557718
                            ],
                            [
                                105.232556478134697,
                                -5.43273457440363
                            ],
                            [
                                105.231841575833599,
                                -5.432766825427784
                            ],
                            [
                                105.231333807481846,
                                -5.432332722708594
                            ],
                            [
                                105.230292078057118,
                                -5.432572798414834
                            ],
                            [
                                105.230371884188045,
                                -5.433690310485193
                            ],
                            [
                                105.229518751998171,
                                -5.434620235804941
                            ],
                            [
                                105.22891041446681,
                                -5.43262967886125
                            ],
                            [
                                105.22457508598275,
                                -5.434425954285426
                            ],
                            [
                                105.222965391926067,
                                -5.435727119599865
                            ],
                            [
                                105.221066232474143,
                                -5.434380267248244
                            ],
                            [
                                105.219152049308263,
                                -5.43239412091451
                            ],
                            [
                                105.213217240093002,
                                -5.429376604882766
                            ],
                            [
                                105.213107330481293,
                                -5.428534105419682
                            ]
                        ]
                    ]
                ]
            }
        }
    ]
}